game_id,pot_size,num_players,has_flop,has_turn,has_river,has_raise,has_all_in,did_show,is_bluff,winner
787027613,2.5,9,0,0,0,1,0,0,1,dankmann
787027929,24.95,9,1,1,1,1,0,1,0,StephCurry
787027464,2.5,9,0,0,0,1,0,0,1,AironVega
787027410,6.18,6,1,1,0,1,0,0,1,aleks0v
787027157,5.0,6,0,0,0,1,0,0,1,Sephiroth1
787027105,5.7,9,1,0,0,1,0,0,1,ElvenEyes
787026943,2.5,6,0,0,0,1,0,0,1,ElvenEyes
787026888,1.25,5,0,0,0,1,0,0,1,Beep_Beep
787026881,12.16,8,1,1,1,1,0,1,0,VamosRafaFTW
787026850,2.5,9,0,0,0,1,0,0,1,ElvenEyes
787026685,1.25,8,0,0,0,1,0,0,1,hoocher
787026640,2.5,9,0,0,0,1,0,0,1,ElvenEyes
787026582,3.0,5,0,0,0,1,0,0,1,Jui
787026454,4.3,6,1,1,1,0,0,0,1,WeakAndWeary
787026366,1.25,5,0,0,0,1,0,0,1,Jui
787026355,1.0,4,0,0,0,0,0,0,0,AironVega
787026305,5.5,8,0,0,0,1,0,0,1,VegetablesArentYummy
787026222,2.5,6,0,0,0,1,0,0,1,Sephiroth1
787026206,2.52,8,1,1,1,1,0,1,0,IlxxxlI
787026197,1.25,5,0,0,0,1,0,0,1,IampokerKidd
787026184,6.5,4,0,0,0,1,0,0,1,WeakAndWeary
787026141,3.47,4,1,1,0,1,0,0,1,IlxxxlI
787026104,0.5,8,0,0,0,0,0,0,0,wvlax1425
787026050,2.0,8,0,0,0,1,0,0,1,PANDAisEVIL
787026033,1.0,4,0,0,0,0,0,0,0,IlxxxlI
787025872,1.25,9,0,0,0,1,0,0,1,Spagetti1
787025839,1.0,4,0,0,0,0,0,0,0,WeakAndWeary
787025834,2.15,8,1,1,0,0,0,0,1,dankmann
787025799,2.5,8,0,0,0,1,0,0,1,gust
787025793,3.75,5,0,0,0,1,0,0,1,Jui
787025628,1.25,5,0,0,0,1,0,0,1,IampokerKidd
787025559,16.6,4,1,1,1,1,0,1,1,aleks0v
787025529,18.22,8,1,0,0,1,0,0,1,choiCES
787025463,0.5,5,0,0,0,0,0,0,0,foreseen
787025451,2.5,8,0,0,0,1,0,0,1,IlxxxlI
787025353,1.25,5,0,0,0,1,0,0,1,Maria_Pia
787025286,2.62,5,1,0,0,1,0,0,1,Beep_Beep
787025242,3.25,8,0,0,0,1,0,0,1,IlxxxlI
787025192,2.5,8,0,0,0,1,0,0,1,IlxxxlI
787025178,6.18,4,1,1,1,1,0,1,0,WeakAndWeary
787025140,22.55,9,1,1,1,1,0,0,1,haroldbb
787025102,1.25,5,0,0,0,1,0,0,1,Beep_Beep
787025005,2.5,8,0,0,0,1,0,0,1,IlxxxlI
787024954,0.5,5,0,0,0,0,0,0,0,IampokerKidd
787024941,15.75,8,0,0,0,1,0,0,1,IlxxxlI
787024939,2.5,4,0,0,0,1,0,0,1,WeakAndWeary
787024782,1.0,8,0,0,0,0,0,0,0,ElvenEyes
787024697,2.85,5,1,1,0,1,0,0,1,Beep_Beep
787024693,6.0,4,0,0,0,1,0,0,1,WeakAndWeary
787024673,1.25,8,0,0,0,1,0,0,1,VamosRafaFTW
787024619,3.5,5,0,0,0,1,0,0,1,IlxxxlI
787024550,1.25,5,0,0,0,1,0,0,1,Maria_Pia
787024515,2.0,4,0,0,0,1,0,0,1,AironVega
787024445,1.0,9,0,0,0,0,0,0,0,dankmann
787024412,1.25,5,0,0,0,1,0,0,1,IlxxxlI
787024367,9.46,9,1,1,1,1,0,0,1,kid4life
787024340,3.09,8,1,0,0,1,0,0,1,VamosRafaFTW
787024337,1.0,4,0,0,0,0,0,0,0,AironVega
787024299,3.5,5,0,0,0,1,0,0,1,hoocher
787024210,1.25,8,0,0,0,1,0,0,1,IlxxxlI
787024159,1.0,4,0,0,0,0,0,0,0,aleks0v
787024146,1.25,5,0,0,0,1,0,0,1,aleks0v
787024125,5.4,9,0,0,0,1,0,0,1,AironVega
787023986,4.99,8,1,0,0,1,0,0,1,hoocher
787023880,1.0,6,0,0,0,1,0,0,1,Beep_Beep
787023828,1.25,8,0,0,0,1,0,0,1,DRofBooya
787023803,0.5,8,0,0,0,0,0,0,0,BlueSmoke
787023731,2.5,9,0,0,0,1,0,0,1,ElvenEyes
787023691,0.5,6,0,0,0,0,0,0,0,Beep_Beep
787023643,3.09,5,1,0,0,1,0,0,1,jjeannin1
787023447,1.19,8,1,0,0,0,0,0,1,BlueSmoke
787023450,3.75,6,0,0,0,1,0,0,1,LawMaker20
787023431,2.5,9,0,0,0,1,0,0,1,IlxxxlI
787023410,1.19,4,1,0,0,0,0,0,1,jjeannin1
787023377,4.28,4,1,1,1,1,0,1,0,IlxxxlI
787023292,1.25,8,0,0,0,1,0,0,1,dankmann
787023149,1.19,4,1,1,1,0,0,1,0,Parcker
787022993,40.4,5,0,0,0,1,0,0,1,AironVega
787022952,7.48,8,1,1,0,1,0,0,1,IlxxxlI
787022911,6.0,9,0,0,0,1,0,0,1,StephCurry
787022860,37.42,6,1,1,1,1,0,1,1,foreseen
787022859,4.28,5,1,1,0,1,0,0,1,Parcker
787022738,1.25,8,0,0,0,1,0,0,1,Korobochka
787022685,1.25,5,0,0,0,1,0,0,1,Beep_Beep
787022634,6.5,5,0,0,0,1,0,0,1,AironVega
787022567,38.72,8,1,1,1,1,0,0,1,choiCES
787022539,1.25,8,0,0,0,1,0,0,1,IlxxxlI
787022487,2.5,9,0,0,0,1,0,0,1,StephCurry
787022482,3.5,4,0,0,0,1,0,0,1,LawMaker20
787022389,1.25,8,0,0,0,1,0,0,1,dankmann
787022313,29.22,5,1,1,1,0,0,1,0,jjeannin1
787022282,0.5,8,0,0,0,0,0,0,0,DRofBooya
787022259,2.5,5,0,0,0,1,0,0,1,WeakAndWeary
787022178,3.63,8,0,0,0,1,0,0,1,Spagetti1
787022055,2.5,9,0,0,0,1,0,0,1,dankmann
787021975,30.88,5,1,1,1,0,0,1,0,IlxxxlI
787021917,2.98,8,1,0,0,1,0,0,1,BlueSmoke
787021889,6.18,5,1,0,0,1,0,0,1,ali23imsirovic
787021775,2.0,5,0,0,0,0,0,0,0,Jui
787021649,9.25,9,0,0,0,1,0,0,1,choiCES
787021435,3.09,9,1,0,0,1,0,0,1,gorillaman68
787021407,42.29,8,1,1,1,1,0,1,0,kid4life
787021203,1.25,9,0,0,0,1,0,0,1,Spagetti1
787021174,30.92,9,1,1,1,1,0,1,0,VegetablesArentYummy
787021151,1.19,9,1,0,0,0,0,0,1,BlueSmoke
787021150,5.23,4,1,1,1,0,0,1,1,Parcker
787021027,1.25,9,0,0,0,1,0,0,1,DRofBooya
787020894,2.14,4,1,0,0,1,0,0,1,jjeannin1
787020853,0.5,9,0,0,0,0,0,0,0,haroldbb
787020820,4.52,9,1,0,0,1,0,0,1,choiCES
787020808,2.5,9,0,0,0,1,0,0,1,VegetablesArentYummy
787020651,5.0,5,0,0,0,1,0,0,1,VegetablesArentYummy
787020603,0.5,8,0,0,0,0,0,0,0,IlxxxlI
787020558,11.72,4,1,1,1,1,0,1,0,trader063
787020554,4.0,5,0,0,0,1,0,0,1,VegetablesArentYummy
787020501,6.95,9,1,1,0,1,0,0,1,DRofBooya
787020250,6.09,4,1,1,1,1,0,0,1,jjeannin1
787020168,32.3,5,1,1,1,1,0,0,1,IlxxxlI
787020036,103.0,7,1,1,1,1,0,1,0,IlxxxlI
787020035,2.5,9,0,0,0,1,0,0,1,ElvenEyes
787019881,9.55,4,1,0,0,1,0,0,1,jjeannin1
787019874,22.8,9,1,1,1,1,0,1,1,ElvenEyes
787019816,2.5,9,0,0,0,1,0,0,1,dankmann
787019718,33.33,5,1,0,0,1,0,0,1,AironVega
787019701,9.0,8,0,0,0,1,0,0,1,PANDAisEVIL
787019697,25.9,8,1,1,1,1,0,0,1,choiCES
787019645,2.5,9,0,0,0,1,0,0,1,StephCurry
787019588,5.7,9,1,0,0,1,0,0,1,AironVega
787019552,5.0,8,0,0,0,1,0,0,1,aleks0v
787019456,5.0,5,0,0,0,1,0,0,1,VegetablesArentYummy
787019433,3.46,4,1,1,1,0,0,1,0,Parcker
787019145,2.0,5,0,0,0,0,0,0,0,anarkopoker
787019120,2.5,9,0,0,0,1,0,0,1,StephCurry
787019109,4.75,9,1,0,0,1,0,0,1,VegetablesArentYummy
787019077,13.0,7,0,0,0,1,0,0,1,gust
787018892,2.5,9,0,0,0,1,0,0,1,dankmann
787018891,7.6,4,1,1,0,1,0,0,1,jjeannin1
787018830,28.09,8,1,1,1,1,0,1,0,hoocher
787018659,1.25,7,0,0,0,1,0,0,1,gorillaman68
787018645,95.8,6,1,1,1,1,0,1,0,VegetablesArentYummy
787018539,15.2,4,1,0,0,1,0,0,1,Jui
787018483,3.38,7,0,0,0,1,0,0,1,gorillaman68
787018439,13.97,7,1,1,1,1,0,1,0,pineapplesand
787018394,19.19,8,1,1,1,1,0,1,0,VegetablesArentYummy
787018388,4.28,9,1,1,1,1,0,1,0,StephCurry
787018376,1.25,7,0,0,0,1,0,0,1,IlxxxlI
787018351,4.0,6,0,0,0,1,0,0,1,VegetablesArentYummy
787018298,2.0,8,0,0,0,0,0,0,0,IlxxxlI
787018244,1.25,7,0,0,0,1,0,0,1,choiCES
787018202,4.18,4,1,0,0,1,0,0,1,jjeannin1
787018189,2.5,9,0,0,0,1,0,0,1,dankmann
787018157,2.0,8,0,0,0,1,0,0,1,IlxxxlI
787018133,5.0,8,0,0,0,1,0,0,1,IlxxxlI
787018043,1.25,7,0,0,0,1,0,0,1,Parcker
787018025,11.4,6,1,1,0,1,0,0,1,IlxxxlI
787018005,12.35,6,1,0,0,1,0,0,1,iBiNkUsTiNk
787017934,4.99,4,1,1,1,0,0,0,1,IlxxxlI
787017938,5.0,8,0,0,0,1,0,0,1,gust
787017885,4.0,6,0,0,0,1,0,0,1,anarkopoker
787017870,2.5,9,0,0,0,1,0,0,1,IlxxxlI
787017852,85.2,8,1,1,1,1,0,1,0,IlxxxlI
787017820,3.45,7,1,0,0,1,0,0,1,choiCES
787017805,2.5,6,0,0,0,1,0,0,1,WeakAndWeary
787017765,5.0,8,0,0,0,1,0,0,1,IlxxxlI
787017732,1.19,4,1,0,0,0,0,0,1,Jui
787017644,2.5,8,0,0,0,1,0,0,1,gust
787017645,5.0,6,0,0,0,1,0,0,1,IlxxxlI
787017583,4.5,4,0,0,0,1,0,0,1,Parcker
787017567,2.38,7,1,0,0,1,0,0,1,Spagetti1
787017444,0.95,4,1,0,0,0,0,0,1,jjeannin1
787017436,2.0,6,0,0,0,0,0,0,0,aleks0v
787017405,2.85,7,1,0,0,1,0,0,1,choiCES
787017368,399.0,6,1,1,1,1,0,1,0,PANDAisEVIL
787017330,1.25,7,0,0,0,1,0,0,1,choiCES
787017329,2.0,6,0,0,0,0,0,0,0,pineapplesand
787017304,78.5,6,1,1,1,1,0,1,0,IlxxxlI
787017147,2.0,6,0,0,0,0,0,0,0,PANDAisEVIL
787017134,196.32,9,1,1,1,1,0,1,0,dankmann
787017071,36.4,5,1,1,1,1,0,1,0,Parcker
787017059,4.0,6,0,0,0,1,0,0,1,IlxxxlI
787017011,2.85,7,1,0,0,1,0,0,1,BlueSmoke
787017020,4.0,6,0,0,0,1,0,0,1,IbetUmuck
787016856,30.18,8,1,1,1,1,0,1,0,aleks0v
787016822,0.5,7,0,0,0,0,0,0,0,BlueSmoke
787016821,77.5,8,1,1,1,1,0,1,1,StephCurry
787016813,39.43,6,1,1,1,1,0,1,0,ali23imsirovic
787016752,3.8,5,1,1,0,0,0,0,1,IlxxxlI
787016623,1.25,7,0,0,0,1,0,0,1,choiCES
787016615,1.0,6,0,0,0,0,0,0,0,WeakAndWeary
787016611,2.0,9,0,0,0,1,0,0,1,pineapplesand
787016571,2.5,8,0,0,0,1,0,0,1,AironVega
787016535,4.0,9,0,0,0,1,0,0,1,pineapplesand
787016528,20.9,5,1,1,1,1,0,1,0,trader063
787016531,33.33,6,1,0,0,1,0,0,1,AironVega
787016474,1.25,7,0,0,0,1,0,0,1,Spagetti1
787016281,2.5,6,0,0,0,1,0,0,1,ali23imsirovic
787016225,2.5,8,0,0,0,1,0,0,1,VegetablesArentYummy
787016095,1.25,5,0,0,0,1,0,0,1,IlxxxlI
787015960,161.1,5,1,1,1,1,0,1,0,IlxxxlI
787015947,6.18,9,1,0,0,1,0,0,1,PANDAisEVIL
787015845,5.3,8,0,0,0,1,0,0,1,ElvenEyes
787015684,5.0,5,0,0,0,1,0,0,1,PANDAisEVIL
787015511,9.5,5,1,0,0,1,0,0,1,PANDAisEVIL
787015493,11.88,5,1,1,1,1,0,0,1,jjeannin1
787015496,40.91,9,1,1,1,1,0,0,1,thimk
787015397,21.85,8,1,0,0,1,0,0,1,StephCurry
787015365,151.28,5,1,1,1,1,0,1,0,IlxxxlI
787015266,4.66,9,1,0,0,1,0,0,1,PANDAisEVIL
787015247,5.0,9,0,0,0,1,0,0,1,hotshothotgg
787015234,2.5,8,0,0,0,1,0,0,1,AironVega
787015077,3.09,5,1,1,0,1,0,0,1,Parcker
787015036,5.0,9,0,0,0,1,0,0,1,IlxxxlI
787014855,63.22,5,1,1,1,1,0,1,0,AironVega
787014851,5.0,9,0,0,0,1,0,0,1,aleks0v
787014799,24.72,5,1,1,0,1,0,0,1,IlxxxlI
787014700,4.5,8,0,0,0,1,0,0,1,IlxxxlI
787014561,13.81,5,1,1,1,1,0,1,0,cuervo_
787014536,2.5,8,0,0,0,1,0,0,1,IlxxxlI
787014510,9.5,2,1,0,0,1,0,0,1,IlxxxlI
787014455,2.0,2,0,0,0,0,0,0,0,IlxxxlI
787014265,10.45,5,1,1,0,1,0,0,1,VegetablesArentYummy
787014255,2.5,8,0,0,0,1,0,0,1,IlxxxlI
787014130,2.38,5,1,0,0,1,0,0,1,jjeannin1
787014069,45.66,5,1,1,1,1,0,0,1,VegetablesArentYummy
787013999,2.5,8,0,0,0,1,0,0,1,VegetablesArentYummy
787013966,9.5,2,1,1,0,1,0,0,1,AironVega
787013914,4.0,5,0,0,0,1,0,0,1,IlxxxlI
787013902,2.0,3,0,0,0,0,0,0,0,AironVega
787013875,8.55,5,1,0,0,1,0,0,1,AironVega
787013749,2.5,8,0,0,0,1,0,0,1,IlxxxlI
787013718,9.5,9,1,1,1,1,0,1,0,PANDAisEVIL
787013659,2.0,5,0,0,0,0,0,0,0,VegetablesArentYummy
787013654,5.0,6,0,0,0,1,0,0,1,joonjoonjoon
787013533,4.0,5,0,0,0,1,0,0,1,PANDAisEVIL
787013454,5.0,9,0,0,0,1,0,0,1,IlxxxlI
787013348,2.0,5,0,0,0,0,0,0,0,PANDAisEVIL
787013289,2.5,8,0,0,0,1,0,0,1,dankmann
787013261,21.38,4,1,1,0,1,0,0,1,VegetablesArentYummy
787013185,36.39,6,1,1,0,1,0,0,1,gust
787013146,5.0,5,0,0,0,1,0,0,1,PANDAisEVIL
787013075,4.75,9,1,0,0,0,0,0,1,thimk
787012998,2.0,5,0,0,0,0,0,0,0,IlxxxlI
787012874,2.5,6,0,0,0,1,0,0,1,IlxxxlI
787012867,5.0,9,0,0,0,1,0,0,1,dankmann
787012776,5.0,9,0,0,0,1,0,0,1,pineapplesand
787012666,5.0,6,0,0,0,1,0,0,1,IbetUmuck
787012622,80.66,6,1,1,1,1,0,1,0,JoeRockwell
787012569,9.28,6,1,1,0,1,0,0,1,Sephiroth1
787012534,2.5,6,0,0,0,1,0,0,1,IlxxxlI
787012495,5.0,9,0,0,0,1,0,0,1,IlxxxlI
787012477,4.28,9,1,0,0,1,0,0,1,AironVega
787012409,2.0,6,0,0,0,0,0,0,0,joonjoonjoon
787012385,10.0,5,0,0,0,1,0,0,1,DonCesarGrinder
787012243,2.5,6,0,0,0,1,0,0,1,IlxxxlI
787012206,2.5,9,0,0,0,1,0,0,1,StephCurry
787012194,14.5,6,0,0,0,1,0,0,1,IbetUmuck
787012156,2.0,5,0,0,0,0,0,0,0,DonCesarGrinder
787012071,5.0,5,0,0,0,1,0,0,1,IlxxxlI
787012060,2.5,6,0,0,0,1,0,0,1,Sephiroth1
787012053,33.35,6,1,1,0,1,0,0,1,JoeRockwell
787011951,5.0,5,0,0,0,1,0,0,1,VegetablesArentYummy
787011934,12.35,9,1,1,0,1,0,0,1,pineapplesand
787011905,2.5,9,0,0,0,1,0,0,1,StephCurry
787011876,25.94,6,1,1,0,1,0,0,1,LloydXmas
787011862,5.0,6,0,0,0,1,0,0,1,VegetablesArentYummy
787011766,6.0,8,0,0,0,1,0,0,1,gust
787011763,2.5,6,0,0,0,1,0,0,1,ali23imsirovic
787011633,22.52,5,1,1,1,0,0,0,1,mjj475
787011589,8.55,5,1,1,0,1,0,0,1,IlxxxlI
787011518,2.5,8,0,0,0,1,0,0,1,zboiii
787011392,5.0,5,0,0,0,1,0,0,1,mjj475
787011380,11.4,9,1,1,0,1,0,0,1,gust
787011245,25.65,6,1,0,0,1,0,0,1,IlxxxlI
787011195,5.7,4,1,1,0,1,0,0,1,WeakAndWeary
787011092,21.78,6,1,1,1,1,0,0,1,IlxxxlI
787011071,5.0,9,0,0,0,1,0,0,1,StephCurry
787011039,11.4,5,1,0,0,1,0,0,1,VegetablesArentYummy
787011031,19.95,8,1,0,0,1,0,0,1,ElvenEyes
787010866,2.0,5,0,0,0,0,0,0,0,LloydXmas
787010861,1.0,5,0,0,0,1,0,0,1,WeakAndWeary
787010839,2.5,6,0,0,0,1,0,0,1,LloydXmas
787010830,5.0,9,0,0,0,1,0,0,1,PANDAisEVIL
787010804,1.0,8,0,0,0,0,0,0,0,ElvenEyes
787010581,2.5,8,0,0,0,1,0,0,1,IlxxxlI
787010541,16.5,6,0,0,0,1,0,0,1,gust
787010523,2.5,5,0,0,0,1,0,0,1,gust
787010496,0.5,6,0,0,0,0,0,0,0,foreseen
787010371,11.0,9,0,0,0,1,0,0,1,StephCurry
787010225,3.8,5,1,0,0,1,0,0,1,gust
787010207,2.5,6,0,0,0,1,0,0,1,gust
787010101,10.45,9,1,0,0,1,0,0,1,thimk
787009986,4.28,8,1,1,0,1,0,0,1,VegetablesArentYummy
787010010,2.5,5,0,0,0,1,0,0,1,Sephiroth1
787009983,19.0,6,1,1,1,0,0,1,0,IlxxxlI
787009953,443.3,6,1,1,1,1,0,1,0,VegetablesArentYummy
787009759,2.5,6,0,0,0,1,0,0,1,IlxxxlI
787009754,2.5,5,0,0,0,1,0,0,1,IlxxxlI
787009724,5.0,8,0,0,0,1,0,0,1,StephCurry
787009668,2.5,8,0,0,0,1,0,0,1,VegetablesArentYummy
787009616,2.5,6,0,0,0,1,0,0,1,IlxxxlI
787009581,1.0,6,0,0,0,0,0,0,0,LloydXmas
787009553,42.5,6,0,0,0,1,0,0,1,LloydXmas
787009544,2.0,7,0,0,0,0,0,0,0,hotshothotgg
787009456,27.08,5,1,1,1,1,0,0,1,IlxxxlI
787009397,5.23,8,1,0,0,1,0,0,1,VegetablesArentYummy
787009396,2.0,6,0,0,0,0,0,0,0,IlxxxlI
787009330,2.0,7,0,0,0,0,0,0,0,StephCurry
787009276,2.5,6,0,0,0,1,0,0,1,IlxxxlI
787009263,5.0,6,0,0,0,1,0,0,1,MadLifeGrinder
787009163,31.83,6,1,1,1,1,0,0,1,WeakAndWeary
787009112,4.28,6,1,0,0,1,0,0,1,gust
787009102,5.0,6,0,0,0,1,0,0,1,DonCesarGrinder
787009067,2.5,6,0,0,0,1,0,0,1,ElvenEyes
787009017,1.0,6,0,0,0,0,0,0,0,WeakAndWeary
787008901,2.0,6,0,0,0,1,0,0,1,ElvenEyes
787008882,26.0,5,1,1,1,1,0,1,0,IlxxxlI
787008749,8.55,6,0,0,0,1,0,0,1,BiGFck
787008741,2.0,6,0,0,0,1,0,0,1,Sephiroth1
787008726,81.85,7,1,1,1,0,0,1,0,hotshothotgg
787008652,6.18,6,1,0,0,1,0,0,1,IlxxxlI
787008651,12.35,6,1,0,0,1,0,0,1,IbetUmuck
787008526,12.05,5,1,1,1,1,0,1,0,IlxxxlI
787008516,2.0,6,0,0,0,0,0,0,0,DonCesarGrinder
787008482,4.0,7,0,0,0,1,0,0,1,thimk
787008454,1.25,6,0,0,0,1,0,0,1,IlxxxlI
787008395,2.5,6,0,0,0,1,0,0,1,Sephiroth1
787008351,2.5,5,0,0,0,1,0,0,1,MadLifeGrinder
787008264,9.98,6,1,1,1,1,0,1,0,Sephiroth1
787008233,5.0,7,0,0,0,1,0,0,1,pineapplesand
787008222,6.18,8,1,1,1,1,0,1,0,dankmann
787008210,2.5,6,0,0,0,1,0,0,1,ElvenEyes
787008158,1.25,6,0,0,0,1,0,0,1,WeakAndWeary
787008073,18.53,6,1,1,0,1,0,0,1,IlxxxlI
787008071,1.0,6,0,0,0,0,0,0,0,LloydXmas
787008050,4.0,7,0,0,0,1,0,0,1,VegetablesArentYummy
787007972,2.5,8,0,0,0,1,0,0,1,IlxxxlI
787007916,9.03,5,1,0,0,1,0,0,1,Beep_Beep
787007865,2.5,6,0,0,0,1,0,0,1,WeakAndWeary
787007858,2.5,8,0,0,0,1,0,0,1,gust
787007844,5.0,6,0,0,0,1,0,0,1,LloydXmas
787007841,1.25,6,0,0,0,1,0,0,1,imger8
787007698,6.66,6,0,0,0,1,0,0,1,IlxxxlI
787007647,2.5,8,0,0,0,1,0,0,1,VegetablesArentYummy
787007619,1.0,6,0,0,0,0,0,0,0,WeakAndWeary
787007549,2.5,6,0,0,0,1,0,0,1,IlxxxlI
787007471,4.28,5,1,1,0,1,0,0,1,Sephiroth1
787007407,2.5,8,0,0,0,1,0,0,1,StephCurry
787007391,2.0,6,0,0,0,1,0,0,1,ElvenEyes
787007368,7.6,8,1,1,0,1,0,0,1,VegetablesArentYummy
787007268,16.04,6,1,1,1,1,0,1,0,foreseen
787007194,2.0,8,0,0,0,0,0,0,0,hotshothotgg
787007179,1.9,6,1,0,0,0,0,0,1,WeakAndWeary
787007167,2.5,6,0,0,0,1,0,0,1,gust
787007048,17.1,6,1,1,1,1,0,1,0,LloydXmas
787006994,5.7,5,1,1,0,1,0,0,1,IlxxxlI
787006955,2.5,6,0,0,0,1,0,0,1,IlxxxlI
787006935,2.5,8,0,0,0,1,0,0,1,pineapplesand
787006907,2.0,6,0,0,0,0,0,0,0,LloydXmas
787006740,2.5,6,0,0,0,1,0,0,1,MadLifeGrinder
787006683,4.28,6,1,1,0,1,0,0,1,Sephiroth1
787006584,6.65,8,1,0,0,0,0,0,1,thimk
787006504,12.59,6,1,1,0,1,0,0,1,WeakAndWeary
787006470,10.45,6,1,0,0,1,0,0,1,VegetablesArentYummy
787006429,5.7,5,1,1,0,1,0,0,1,IlxxxlI
787006391,2.5,6,0,0,0,1,0,0,1,IlxxxlI
787006342,12.92,6,1,1,0,1,0,0,1,IlxxxlI
787006286,15.0,8,0,0,0,1,0,0,1,gust
787006280,2.5,5,0,0,0,1,0,0,1,IlxxxlI
787006212,20.94,8,1,1,0,1,0,0,1,gust
787006146,12.35,6,1,0,0,1,0,0,1,IlxxxlI
787006081,2.5,6,0,0,0,1,0,0,1,LloydXmas
787006035,1.0,5,0,0,0,0,0,0,0,Sephiroth1
787006034,5.0,6,0,0,0,1,0,0,1,VegetablesArentYummy
787006007,5.0,8,0,0,0,1,0,0,1,VegetablesArentYummy
787005990,1.0,6,0,0,0,0,0,0,0,Sephiroth1
787005986,3.09,6,1,0,0,1,0,0,1,imger8
787005801,2.0,8,0,0,0,0,0,0,0,thimk
787005767,5.0,6,0,0,0,1,0,0,1,LloydXmas
787005738,2.5,5,0,0,0,1,0,0,1,IlxxxlI
787005653,4.28,8,1,0,0,1,0,0,1,gust
787005581,1.25,6,0,0,0,1,0,0,1,imger8
787005572,2.0,6,0,0,0,0,0,0,0,VegetablesArentYummy
787005539,6.18,6,1,1,0,1,0,0,1,ElvenEyes
787005502,2.5,5,0,0,0,1,0,0,1,Beep_Beep
787005258,2.75,3,0,0,0,1,0,0,1,foreseen
787005238,1.25,6,0,0,0,1,0,0,1,imger8
787005190,31.92,6,1,1,1,1,0,1,0,MadLifeGrinder
787005155,80.5,5,1,1,1,1,0,1,0,Sephiroth1
787005049,18.34,8,1,1,1,1,0,1,0,ElvenEyes
787005047,1.0,5,0,0,0,0,0,0,0,Beep_Beep
787005025,0.5,6,0,0,0,0,0,0,0,foreseen
787004994,1.9,6,1,0,0,0,0,0,1,IlxxxlI
787004970,19.95,8,1,1,0,0,0,0,1,actionjax24
787004839,2.5,6,0,0,0,1,0,0,1,IlxxxlI
787004756,44.46,6,1,1,1,1,0,0,1,MadLifeGrinder
787004753,2.0,5,0,0,0,1,0,0,1,MadLifeGrinder
787004740,4.84,3,1,0,0,1,0,0,1,IlxxxlI
787004652,2.5,6,0,0,0,1,0,0,1,ElvenEyes
787004553,1.0,4,0,0,0,1,0,0,1,Jui
787004481,7.5,8,0,0,0,1,0,0,1,ElvenEyes
787004456,2.5,6,0,0,0,1,0,0,1,IlxxxlI
787004361,6.18,6,1,1,1,1,0,0,1,BiGFck
787004204,13.5,6,0,0,0,1,0,0,1,DonCesarGrinder
787004186,42.85,6,1,1,1,1,0,1,0,WeakAndWeary
787004176,1.0,8,0,0,0,0,0,0,0,StephCurry
787004138,26.6,9,1,0,0,1,0,0,1,VegetablesArentYummy
787004135,0.5,4,0,0,0,0,0,0,0,Jui
787004023,10.19,6,1,1,1,1,0,0,1,ElvenEyes
787003937,2.0,8,0,0,0,1,0,0,1,zboiii
787003934,1.25,4,0,0,0,1,0,0,1,Parcker
787003914,1.0,6,0,0,0,0,0,0,0,ElvenEyes
787003907,15.88,6,1,1,1,1,0,1,0,xROCKETMANx
787003900,2.38,6,1,0,0,1,0,0,1,WeakAndWeary
787003823,17.56,6,1,1,1,1,0,1,0,Sephiroth1
787003791,2.5,6,0,0,0,1,0,0,1,IlxxxlI
787003771,1.25,4,0,0,0,1,0,0,1,Beep_Beep
787003705,24.55,6,1,0,0,1,0,0,1,DonCesarGrinder
787003641,2.5,5,0,0,0,1,0,0,1,MadLifeGrinder
787003598,2.5,8,0,0,0,1,0,0,1,gust
787003595,2.5,6,0,0,0,1,0,0,1,Sephiroth1
787003460,2.5,4,0,0,0,1,0,0,1,Parcker
787003436,13.0,6,0,0,0,1,0,0,1,LloydXmas
787003427,2.0,5,0,0,0,1,0,0,1,Sephiroth1
787003406,2.5,6,0,0,0,1,0,0,1,Sephiroth1
787003389,25.65,9,1,1,1,1,0,0,1,thimk
787003360,8.09,6,1,1,0,1,0,0,1,IlxxxlI
787003361,17.13,6,1,1,0,1,0,0,1,IampokerKidd
787003283,7.5,8,0,0,0,1,0,0,1,pineapplesand
787003198,0.5,4,0,0,0,0,0,0,0,Parcker
787003180,0.5,6,0,0,0,0,0,0,0,WeakAndWeary
787003161,2.5,5,0,0,0,1,0,0,1,Beep_Beep
787003155,5.23,6,1,1,0,1,0,0,1,IlxxxlI
787003109,2.5,6,0,0,0,1,0,0,1,LloydXmas
787003066,1.0,8,0,0,0,0,0,0,0,dankmann
787003032,1.0,5,0,0,0,0,0,0,0,MadLifeGrinder
787003000,1.25,3,0,0,0,1,0,0,1,foreseen
787002935,2.5,6,0,0,0,1,0,0,1,ElvenEyes
787002836,27.88,9,1,1,1,1,0,1,0,hotshothotgg
787002835,3.75,6,0,0,0,1,0,0,1,IlxxxlI
787002824,5.7,6,1,0,0,1,0,0,1,Sephiroth1
787002791,4.5,8,0,0,0,1,0,0,1,IlxxxlI
787002652,65.06,6,1,1,1,1,0,1,0,LloydXmas
787002647,2.5,8,0,0,0,1,0,0,1,zboiii
787002625,5.05,6,1,1,1,1,0,1,0,IlxxxlI
787002564,1.25,6,0,0,0,1,0,0,1,imger8
787002385,5.0,6,0,0,0,1,0,0,1,DonCesarGrinder
787002383,1.9,3,1,1,1,0,0,0,1,IlxxxlI
787002368,4.0,9,0,0,0,0,0,0,0,pineapplesand
787002341,4.28,6,1,1,0,1,0,0,1,MadLifeGrinder
787002327,13.84,6,1,1,0,1,0,0,1,LloydXmas
787002322,1.25,6,0,0,0,1,0,0,1,foreseen
787002303,2.0,8,0,0,0,1,0,0,1,StephCurry
787002257,12.05,5,1,1,1,1,0,0,1,Beep_Beep
787002211,3.09,6,1,0,0,1,0,0,1,xROCKETMANx
787002180,1.0,6,0,0,0,0,0,0,0,LloydXmas
787002143,2.5,5,0,0,0,1,0,0,1,Sephiroth1
787002122,14.5,6,0,0,0,1,0,0,1,DonCesarGrinder
787002091,6.0,6,0,0,0,1,0,0,1,WeakAndWeary
787001974,2.0,6,0,0,0,1,0,0,1,WeakAndWeary
787001958,1.0,6,0,0,0,0,0,0,0,ElvenEyes
787001943,2.0,5,0,0,0,0,0,0,0,MadLifeGrinder
787001940,6.18,8,1,1,0,1,0,0,1,StephCurry
787001890,6.0,5,0,0,0,1,0,0,1,Sephiroth1
787001849,3.33,6,1,0,0,1,0,0,1,xROCKETMANx
787001796,5.0,5,0,0,0,1,0,0,1,VegetablesArentYummy
787001795,1.0,5,0,0,0,0,0,0,0,Sephiroth1
787001738,2.14,6,1,1,1,1,0,0,1,WeakAndWeary
787001704,2.5,8,0,0,0,1,0,0,1,IlxxxlI
787001693,5.0,5,0,0,0,1,0,0,1,MadLifeGrinder
787001648,2.5,6,0,0,0,1,0,0,1,ElvenEyes
787001608,2.0,5,0,0,0,0,0,0,0,IlxxxlI
787001583,1.9,5,1,0,0,0,0,0,1,WeakAndWeary
787001568,2.5,5,0,0,0,1,0,0,1,Beep_Beep
787001569,27.21,3,1,1,1,1,0,1,0,foreseen
787001510,10.45,9,1,1,0,1,0,0,1,VegetablesArentYummy
787001465,1.0,5,0,0,0,0,0,0,0,IlxxxlI
787001457,0.5,6,0,0,0,0,0,0,0,IampokerKidd
787001419,2.5,5,0,0,0,1,0,0,1,Beep_Beep
787001210,2.0,5,0,0,0,1,0,0,1,Beep_Beep
787001184,1.25,6,0,0,0,1,0,0,1,IlxxxlI
787001013,4.28,8,1,1,1,1,0,1,0,zboiii
787000969,122.45,8,1,1,1,1,0,1,0,BiGFck
787000900,52.63,5,1,1,1,1,0,0,1,VegetablesArentYummy
787000887,0.5,6,0,0,0,0,0,0,0,BiGFck
787000847,44.18,5,1,1,0,1,0,0,1,LloydXmas
787000763,5.0,8,0,0,0,1,0,0,1,StephCurry
787000707,5.0,5,0,0,0,1,0,0,1,VegetablesArentYummy
787000620,1.25,6,0,0,0,1,0,0,1,imger8
787000545,3.8,2,1,1,1,0,0,1,0,Sephiroth1
787000492,1.0,6,0,0,0,0,0,0,0,ElvenEyes
787000477,8.55,5,1,0,0,1,0,0,1,IlxxxlI
787000461,2.0,2,0,0,0,1,0,0,1,Sephiroth1
787000431,5.0,8,0,0,0,1,0,0,1,BiGFck
787000425,0.5,6,0,0,0,0,0,0,0,IlxxxlI
787000206,27.78,8,1,1,1,1,0,1,0,gust
787000116,0.5,6,0,0,0,0,0,0,0,imger8
787000013,10.45,8,1,1,0,1,0,0,1,actionjax24
786999894,4.5,8,0,0,0,1,0,0,1,dankmann
786999815,7.6,6,1,1,0,0,0,0,1,IbetUmuck
786999785,5.0,8,0,0,0,1,0,0,1,IlxxxlI
786999700,6.7,6,1,0,0,1,0,0,1,imger8
786999591,14.01,6,1,1,1,1,0,1,0,WeakAndWeary
786999524,5.0,8,0,0,0,1,0,0,1,IlxxxlI
786999525,14.5,6,0,0,0,1,0,0,1,MadLifeGrinder
786999416,1.25,6,0,0,0,1,0,0,1,imger8
786999391,97.5,9,1,1,1,1,0,1,0,ElvenEyes
786999260,4.75,8,1,0,0,0,0,0,1,hotshothotgg
786999223,5.04,6,1,0,0,1,0,0,1,IlxxxlI
786999144,1.0,6,0,0,0,1,0,0,1,foreseen
786999003,1.0,6,0,0,0,0,0,0,0,gust
786998884,1.25,6,0,0,0,1,0,0,1,WeakAndWeary
786998770,12.35,8,1,0,0,1,0,0,1,actionjax24
786998619,16.8,8,1,1,1,1,0,0,1,pineapplesand
786998517,3.75,6,0,0,0,1,0,0,1,IampokerKidd
786998452,1.0,7,0,0,0,0,0,0,0,gust
786998211,14.56,6,1,1,1,1,0,0,1,WeakAndWeary
786997980,39.85,6,1,1,1,1,0,1,0,zboiii
786997959,2.5,6,0,0,0,1,0,0,1,WeakAndWeary
786997792,2.5,6,0,0,0,1,0,0,1,dankmann
786997254,8.35,6,1,1,1,1,0,0,1,zboiii
786997081,4.5,5,0,0,0,1,0,0,1,VegetablesArentYummy
786996722,4.3,4,1,1,0,0,0,0,1,IlxxxlI
786996494,2.5,4,0,0,0,1,0,0,1,dankmann
786992765,5.0,5,0,0,0,1,0,0,1,WeakAndWeary
786992523,2.0,5,0,0,0,1,0,0,1,AironVega
786991925,2.5,8,0,0,0,1,0,0,1,StephCurry
786991607,2.5,8,0,0,0,1,0,0,1,zboiii
786991509,78.0,6,1,1,1,1,0,1,0,quant_theo
786991320,17.4,4,1,1,1,1,0,1,0,Ball
786991266,2.5,6,0,0,0,1,0,0,1,WeakAndWeary
786991255,1.25,6,0,0,0,1,0,0,1,foreseen
786991053,1.25,4,0,0,0,1,0,0,1,anabeliangrape
786990711,5.25,6,1,0,0,1,0,0,1,foreseen
786990710,1.9,6,1,1,0,0,0,0,1,flyshark01
786990662,8.52,6,1,1,1,1,0,0,1,CrimZnole
786990542,59.97,8,1,1,0,1,0,0,1,zboiii
786990481,2.0,6,0,0,0,1,0,0,1,flyshark01
786990467,7.41,4,1,1,0,1,0,0,1,Ball
786990330,1.25,6,0,0,0,1,0,0,1,fishinwithbobbo
786990156,0.5,6,0,0,0,0,0,0,0,Beep_Beep
786990121,5.3,6,0,0,0,1,0,0,1,flyshark01
786989991,7.13,6,1,1,1,1,0,0,1,foreseen
786989829,38.48,6,1,1,1,1,0,1,0,xROCKETMANx
786989800,47.74,4,1,1,1,1,0,1,0,Hakuna_Matata777
786989675,2.5,6,0,0,0,1,0,0,1,bunnyfox2t
786989670,2.38,8,1,1,1,0,0,1,0,Pla2Par
786989490,2.85,6,1,0,0,1,0,0,1,xROCKETMANx
786989336,1.0,7,0,0,0,0,0,0,0,VegetablesArentYummy
786989255,1.0,6,0,0,0,1,0,0,1,flyshark01
786989231,13.54,4,1,1,1,1,0,1,0,Ball
786989140,3.33,6,1,1,0,1,0,0,1,IlxxxlI
786989095,1.25,6,0,0,0,1,0,0,1,foreseen
786988979,11.59,6,1,1,0,1,0,0,1,AironVega
786988966,2.5,7,0,0,0,1,0,0,1,AironVega
786988560,5.2,5,1,0,0,1,0,0,1,IlxxxlI
786988490,16.63,4,1,1,1,1,0,1,0,PokerBrat1127
786988346,12.0,3,0,0,0,1,0,0,1,IlxxxlI
786988316,7.0,6,0,0,0,1,0,0,1,bunnyfox2t
786988289,12.64,6,1,1,1,1,0,1,1,BHawk12
786988248,33.73,6,1,1,1,1,0,0,1,foreseen
786988184,1.25,3,0,0,0,1,0,0,1,anabeliangrape
786988185,1.0,6,0,0,0,1,0,0,1,WeakAndWeary
786988049,5.0,3,0,0,0,1,0,0,1,VegetablesArentYummy
786988004,1.0,5,0,0,0,1,0,0,1,foreseen
786987978,29.83,6,1,1,0,1,0,0,1,CrimZnole
786987908,2.0,3,0,0,0,0,0,0,0,IlxxxlI
786987890,0.5,6,0,0,0,0,0,0,0,foreseen
786987821,1.0,5,0,0,0,1,0,0,1,IlxxxlI
786987801,1.0,6,0,0,0,0,0,0,0,CrimZnole
786987709,5.0,3,0,0,0,1,0,0,1,IlxxxlI
786987647,2.0,3,0,0,0,0,0,0,0,AironVega
786987576,8.35,3,1,0,0,1,0,0,1,Jui
786987522,1.25,5,0,0,0,1,0,0,1,flyshark01
786987496,2.0,6,0,0,0,1,0,0,1,flyshark01
786987478,5.0,3,0,0,0,1,0,0,1,AironVega
786987259,3.33,6,1,1,1,1,0,0,1,fishinwithbobbo
786987215,7.6,5,1,1,1,1,0,1,0,WeakAndWeary
786987200,2.5,6,0,0,0,1,0,0,1,Doubletwentyone
786987180,24.53,6,1,1,0,1,0,0,1,IlxxxlI
786987030,10.76,3,1,1,0,1,0,0,1,Jui
786987018,2.5,6,0,0,0,1,0,0,1,flyshark01
786986992,0.95,6,1,0,0,0,0,0,1,IlxxxlI
786986879,2.0,6,0,0,0,1,0,0,1,ThxBro
786986874,1.25,5,0,0,0,1,0,0,1,IlxxxlI
786986764,1.25,6,0,0,0,1,0,0,1,flyshark01
786986721,2.62,5,1,1,0,1,0,0,1,foreseen
786986668,0.5,3,0,0,0,0,0,0,0,anabeliangrape
786986495,2.5,6,0,0,0,1,0,0,1,rook_
786986457,0.5,5,0,0,0,0,0,0,0,flyshark01
786986447,11.4,4,1,1,1,1,0,1,0,VegetablesArentYummy
786986311,2.5,3,0,0,0,1,0,0,1,PokerBrat1127
786986297,0.5,6,0,0,0,0,0,0,0,foreseen
786986141,5.0,5,0,0,0,1,0,0,1,VegetablesArentYummy
786986034,18.0,6,0,0,0,1,0,0,1,IlxxxlI
786986007,5.0,5,0,0,0,1,0,0,1,AironVega
786985994,3.5,5,0,0,0,1,0,0,1,foreseen
786985997,80.5,5,1,1,1,1,0,1,1,CrimZnole
786985845,2.5,5,0,0,0,1,0,0,1,IlxxxlI
786985806,3.09,3,1,1,0,1,0,0,1,Ball
786985508,1.25,3,0,0,0,1,0,0,1,PokerBrat1127
786985417,7.0,5,0,0,0,1,0,0,1,Doubletwentyone
786985364,4.99,5,1,0,0,1,0,0,1,Doubletwentyone
786985156,98.0,6,1,1,1,1,0,1,0,IampokerKidd
786985038,3.5,5,0,0,0,1,0,0,1,Doubletwentyone
786984973,8.33,3,1,1,1,1,0,0,1,anabeliangrape
786984531,6.89,3,1,1,0,1,0,0,1,anabeliangrape
786984480,19.54,6,1,1,1,1,0,1,0,Doubletwentyone
786984238,1.25,2,0,0,0,1,0,0,1,Ball
786984035,1.25,2,0,0,0,1,0,0,1,Ball
786984007,5.8,6,0,0,0,1,0,0,1,AironVega
786983880,1.25,2,0,0,0,1,0,0,1,PokerBrat1127
786983701,1.25,2,0,0,0,1,0,0,1,PokerBrat1127
786983687,2.5,6,0,0,0,1,0,0,1,flyshark01
786983336,2.5,6,0,0,0,1,0,0,1,CrimZnole
786979563,8.55,8,1,0,0,1,0,0,1,IlxxxlI
786979261,5.0,8,0,0,0,1,0,0,1,ShawnFrie
786978205,12.0,8,0,0,0,1,0,0,1,gust
786978108,5.0,6,0,0,0,1,0,0,1,Pimpika
786977860,5.0,7,0,0,0,1,0,0,1,actionjax24
786977635,1.0,5,0,0,0,1,0,0,1,Abundance4All
786977583,43.18,5,1,1,1,1,0,1,0,IlxxxlI
786977554,2.0,7,0,0,0,0,0,0,0,VegetablesArentYummy
786977553,11.02,6,1,0,0,1,0,0,1,SCking
786977226,0.5,5,0,0,0,0,0,0,0,Abundance4All
786977120,3.25,5,0,0,0,1,0,0,1,IlxxxlI
786977083,14.73,5,1,1,1,1,0,1,0,TTSO
786976861,1.0,4,0,0,0,0,0,0,0,WeakAndWeary
786976795,23.68,7,1,1,1,1,0,0,1,ShawnFrie
786976776,3.0,5,0,0,0,1,0,0,1,foreseen
786976761,1.25,4,0,0,0,1,0,0,1,foreseen
786976618,12.54,6,1,0,0,1,0,0,1,KingGuciGuci
786976401,9.88,7,1,0,0,1,0,0,1,actionjax24
786976321,3.8,2,1,1,1,1,0,1,0,WeakAndWeary
786976297,5.0,6,0,0,0,1,0,0,1,Pimpika
786976296,11.74,5,1,1,1,1,0,1,0,foreseen
786976118,1.25,5,0,0,0,1,0,0,1,foreseen
786976071,1.0,3,0,0,0,0,0,0,0,IlxxxlI
786976031,7.57,4,1,1,1,1,0,1,0,foreseen
786975970,2.38,4,1,0,0,0,0,0,1,IlxxxlI
786975851,14.36,5,1,1,1,1,0,0,1,xROCKETMANx
786975775,12.68,5,1,1,1,1,0,1,0,LloydXmas
786975727,0.5,4,0,0,0,0,0,0,0,foreseen
786975711,0.5,5,0,0,0,0,0,0,0,IlxxxlI
786975670,16.15,6,1,0,0,1,0,0,1,SCking
786975517,4.25,4,1,1,0,1,0,0,1,foreseen
786975458,1.25,5,0,0,0,1,0,0,1,IlxxxlI
786975433,47.58,8,1,0,0,1,0,0,1,Pimpika
786975418,2.5,5,0,0,0,1,0,0,1,Im
786975095,24.1,5,1,1,0,1,0,0,1,WeakAndWeary
786975050,1.25,4,0,0,0,1,0,0,1,IlxxxlI
786974856,6.95,4,1,1,1,1,0,1,0,violin2
786974728,2.5,5,0,0,0,1,0,0,1,MadLifeGrinder
786974570,1.0,5,0,0,0,0,0,0,0,WeakAndWeary
786974567,1.25,4,0,0,0,1,0,0,1,Jui
786974350,21.85,5,1,1,1,1,0,0,1,IlxxxlI
786974310,4.99,4,1,1,1,1,0,1,0,WeakAndWeary
786974215,1.0,5,0,0,0,0,0,0,0,MadLifeGrinder
786973904,29.17,4,1,1,1,1,0,1,0,GagaPoker
786973817,1.0,5,0,0,0,0,0,0,0,gust
786973813,4.75,5,1,0,0,1,0,0,1,IlxxxlI
786973816,3.5,6,0,0,0,1,0,0,1,FLDnLIVE2FLDagn
786973596,24.25,4,0,0,0,1,0,0,1,Beep_Beep
786973588,1.0,5,0,0,0,0,0,0,0,Beep_Beep
786973578,1.0,4,0,0,0,1,0,0,1,IlxxxlI
786973503,7.78,4,1,1,1,1,0,0,1,IlxxxlI
786973337,15.61,6,1,1,1,1,0,1,0,QDevilQ
786973300,1.25,4,0,0,0,1,0,0,1,foreseen
786973231,1.25,4,0,0,0,1,0,0,1,Beep_Beep
786973116,0.95,4,1,0,0,0,0,0,1,violin2
786972982,14.01,5,1,1,1,1,0,1,0,Sephiroth1
786972919,1.25,4,0,0,0,1,0,0,1,GagaPoker
786972840,1.25,4,0,0,0,1,0,0,1,Beep_Beep
786972805,38.48,6,1,1,1,1,0,1,0,IlxxxlI
786972540,0.5,4,0,0,0,0,0,0,0,foreseen
786972440,1.0,3,0,0,0,0,0,0,0,Keggston99
786972356,1.25,4,0,0,0,1,0,0,1,Abundance4All
786972168,0.5,5,0,0,0,0,0,0,0,IlxxxlI
786972048,2.52,4,1,1,0,1,0,0,1,violin2
786971993,8.88,5,1,1,1,1,0,0,1,MirrorZrorriM
786971968,30.88,5,1,1,1,1,0,0,1,Beep_Beep
786971955,3.8,2,1,0,0,1,0,0,1,WeakAndWeary
786971840,104.3,5,1,1,1,1,0,1,0,IlxxxlI
786971823,1.75,4,0,0,0,1,0,0,1,GagaPoker
786971806,9.98,4,1,0,0,1,0,0,1,Beep_Beep
786971705,1.0,4,0,0,0,1,0,0,1,foreseen
786971622,0.5,5,0,0,0,0,0,0,0,foreseen
786971610,1.25,5,0,0,0,1,0,0,1,FLDnLIVE2FLDagn
786971552,0.5,4,0,0,0,0,0,0,0,Beep_Beep
786971475,22.33,5,1,1,1,1,0,1,0,Im
786971380,4.28,5,1,0,0,1,0,0,1,gust
786971244,45.17,6,1,1,1,1,0,1,0,bfish602
786971223,1.25,4,0,0,0,1,0,0,1,violin2
786970946,8.78,2,1,1,1,0,0,1,1,IlxxxlI
786970930,2.5,5,0,0,0,1,0,0,1,WeakAndWeary
786970877,5.0,6,0,0,0,1,0,0,1,IbetUmuck
786970739,6.5,6,0,0,0,1,0,0,1,MadLifeGrinder
786970673,1.9,6,1,1,1,0,0,0,1,IlxxxlI
786970674,2.0,3,0,0,0,1,0,0,1,WeakAndWeary
786970658,11.63,5,1,1,0,1,0,0,1,xROCKETMANx
786970630,35.65,5,1,1,1,1,0,1,0,QDevilQ
786970592,5.0,6,0,0,0,1,0,0,1,MadLifeGrinder
786970527,1.0,5,0,0,0,0,0,0,0,Sephiroth1
786970425,1.25,5,0,0,0,1,0,0,1,QDevilQ
786970396,2.5,3,0,0,0,1,0,0,1,MadLifeGrinder
786970335,2.0,6,0,0,0,0,0,0,0,IbetUmuck
786970264,2.5,4,0,0,0,1,0,0,1,LloydXmas
786970211,2.0,6,0,0,0,1,0,0,1,Beep_Beep
786970213,1.0,4,0,0,0,0,0,0,0,WeakAndWeary
786970095,1.0,6,0,0,0,1,0,0,1,xROCKETMANx
786970009,3.09,3,1,0,0,1,0,0,1,MirrorZrorriM
786969927,1.0,4,0,0,0,0,0,0,0,WeakAndWeary
786969812,5.0,6,0,0,0,1,0,0,1,IbetUmuck
786969810,21.62,5,1,1,1,1,0,0,1,violin2
786969686,1.0,6,0,0,0,0,0,0,0,Beep_Beep
786969678,2.5,4,0,0,0,1,0,0,1,gust
786969646,5.0,6,0,0,0,1,0,0,1,KingGuciGuci
786969643,7.37,3,1,0,0,1,0,0,1,constant
786969468,1.0,5,0,0,0,1,0,0,1,violin2
786969355,1.25,5,0,0,0,1,0,0,1,GagaPoker
786969271,2.0,6,0,0,0,0,0,0,0,meandkids
786969109,1.0,4,0,0,0,1,0,0,1,QDevilQ
786969056,2.5,5,0,0,0,1,0,0,1,Im
786969011,1.19,5,1,0,0,0,0,0,1,xROCKETMANx
786968898,0.5,4,0,0,0,0,0,0,0,QDevilQ
786968872,2.62,5,1,0,0,1,0,0,1,foreseen
786968690,215.5,6,1,1,1,1,0,1,0,Beep_Beep
786968678,1.25,5,0,0,0,1,0,0,1,xROCKETMANx
786968641,1.0,5,0,0,0,0,0,0,0,WeakAndWeary
786968612,77.92,4,1,1,1,1,0,0,1,LloydXmas
786968594,1.43,4,1,0,0,0,0,0,1,constant
786968377,0.5,4,0,0,0,0,0,0,0,constant
786968272,2.5,5,0,0,0,1,0,0,1,IlxxxlI
786968223,50.35,6,1,1,0,1,0,0,1,LazyFish
786968191,1.25,5,0,0,0,1,0,0,1,Abundance4All
786968169,2.5,5,0,0,0,1,0,0,1,WeakAndWeary
786967917,2.5,5,0,0,0,1,0,0,1,Beep_Beep
786967918,10.22,4,1,0,0,1,0,0,1,QDevilQ
786967848,5.0,6,0,0,0,1,0,0,1,IbetUmuck
786967846,4.28,6,1,1,0,1,0,0,1,WeakAndWeary
786967779,1.0,5,0,0,0,0,0,0,0,WeakAndWeary
786967780,1.0,5,0,0,0,0,0,0,0,MadLifeGrinder
786967696,102.5,5,1,1,1,1,0,1,0,xROCKETMANx
786967602,1.0,4,0,0,0,1,0,0,1,QDevilQ
786967553,3.09,8,1,1,0,1,0,0,1,kid4life
786967473,5.0,6,0,0,0,1,0,0,1,KingGuciGuci
786967366,6.46,6,1,1,0,1,0,0,1,xROCKETMANx
786967152,1.19,4,1,1,0,0,0,0,1,QDevilQ
786967063,6.5,5,0,0,0,1,0,0,1,Beep_Beep
786967007,11.88,6,1,0,0,1,0,0,1,meandkids
786966774,0.95,4,1,1,0,0,0,0,1,FLDnLIVE2FLDagn
786966726,2.5,5,0,0,0,1,0,0,1,IlxxxlI
786966637,1.0,6,0,0,0,0,0,0,0,gust
786966636,4.74,3,1,1,1,1,0,1,0,foreseen
786966625,4.25,5,1,1,0,1,0,0,1,foreseen
786966488,39.71,6,1,1,1,0,0,0,1,IbetUmuck
786966426,6.18,5,1,1,1,1,0,0,1,Im
786966418,1.25,4,0,0,0,1,0,0,1,QDevilQ
786966386,2.0,5,0,0,0,1,0,0,1,MadLifeGrinder
786966375,1.25,3,0,0,0,1,0,0,1,xROCKETMANx
786966281,2.5,5,0,0,0,1,0,0,1,meandkids
786966189,0.5,3,0,0,0,0,0,0,0,Jui
786966082,9.98,4,1,0,0,1,0,0,1,MirrorZrorriM
786966021,56.19,6,1,1,1,1,0,1,0,KingGuciGuci
786966025,2.5,4,0,0,0,1,0,0,1,LloydXmas
786966004,1.0,5,0,0,0,0,0,0,0,IlxxxlI
786965981,22.99,8,1,1,1,1,0,1,0,Korobochka
786965830,2.5,4,0,0,0,1,0,0,1,LloydXmas
786965764,5.0,6,0,0,0,1,0,0,1,MadLifeGrinder
786965619,1.0,5,0,0,0,0,0,0,0,IlxxxlI
786965577,13.01,5,1,1,1,1,0,1,0,Abundance4All
786965507,2.5,5,0,0,0,1,0,0,1,MadLifeGrinder
786965442,55.94,4,1,1,1,1,0,1,0,constant
786965412,2.0,6,0,0,0,0,0,0,0,LazyFish
786965294,1.0,5,0,0,0,0,0,0,0,LloydXmas
786965250,20.43,4,1,0,0,1,0,0,1,Jui
786965227,4.94,5,1,1,1,1,0,0,1,Im
786965218,0.5,6,0,0,0,0,0,0,0,foreseen
786965206,28.0,7,1,1,1,1,0,1,0,kid4life
786965116,2.5,5,0,0,0,1,0,0,1,Beep_Beep
786964982,1.25,5,0,0,0,1,0,0,1,Abundance4All
786964858,3.09,4,1,1,1,1,0,1,0,constant
786964685,2.5,6,0,0,0,1,0,0,1,meandkids
786964634,22.61,6,1,1,1,1,0,0,1,MadLifeGrinder
786964596,5.7,6,1,0,0,1,0,0,1,WeakAndWeary
786964519,1.25,4,0,0,0,1,0,0,1,BHawk12
786964521,5.28,4,1,1,1,1,0,0,1,foreseen
786964459,2.0,6,0,0,0,0,0,0,0,IlxxxlI
786964358,2.5,6,0,0,0,1,0,0,1,WeakAndWeary
786964206,18.77,7,1,1,1,1,0,0,1,IlxxxlI
786964192,12.92,5,1,1,0,1,0,0,1,Beep_Beep
786964167,0.5,4,0,0,0,0,0,0,0,IlxxxlI
786964101,3.8,6,1,1,0,0,0,0,1,IbetUmuck
786964035,0.95,4,1,0,0,0,0,0,1,IlxxxlI
786963917,45.36,6,1,1,1,1,0,1,0,JoeRockwell
786963858,5.0,6,0,0,0,1,0,0,1,IbetUmuck
786963501,4.0,6,0,0,0,1,0,0,1,LazyFish
786963457,5.23,5,1,0,0,1,0,0,1,MadLifeGrinder
786963310,5.0,6,0,0,0,1,0,0,1,LloydXmas
786963286,13.07,7,1,1,1,1,0,1,0,Spagetti1
786963254,10.28,5,1,1,1,1,0,0,1,WeakAndWeary
786963241,10.76,6,1,1,1,1,0,1,0,IlxxxlI
786963225,2.0,6,0,0,0,0,0,0,0,LazyFish
786963156,0.5,6,0,0,0,0,0,0,0,MortalLock
786963099,16.71,4,1,1,1,1,0,0,1,BHawk12
786963070,1.0,6,0,0,0,0,0,0,0,Hakuna_Matata777
786963054,2.0,6,0,0,0,0,0,0,0,MadLifeGrinder
786963010,1.0,5,0,0,0,0,0,0,0,meandkids
786962846,1.0,6,0,0,0,0,0,0,0,LloydXmas
786962808,9.8,6,0,0,0,1,0,0,1,IlxxxlI
786962799,3.09,4,1,0,0,1,0,0,1,flyshark01
786962636,10.93,5,1,1,1,1,0,1,0,Im
786962541,5.7,6,1,0,0,1,0,0,1,MadLifeGrinder
786962520,6.98,6,1,1,0,1,0,0,1,GagaPoker
786962515,99.59,7,1,1,1,1,0,1,0,kid4life
786962248,10.07,6,1,1,1,0,0,1,0,KingGuciGuci
786962212,9.03,4,1,1,1,1,0,1,0,constant
786962182,18.91,4,1,1,1,1,0,1,0,WeakAndWeary
786962162,7.84,7,1,0,0,1,0,0,1,arito02
786962156,6.18,6,1,0,0,1,0,0,1,IlxxxlI
786962003,1.25,4,0,0,0,1,0,0,1,IlxxxlI
786962007,9.69,5,1,1,1,1,0,1,0,MadLifeGrinder
786961870,2.5,4,0,0,0,1,0,0,1,WeakAndWeary
786961796,8.55,6,1,1,1,1,0,1,0,IlxxxlI
786961700,1.0,5,0,0,0,0,0,0,0,Im
786961690,19.0,6,1,1,1,1,0,0,1,bfish602
786961666,1.25,4,0,0,0,1,0,0,1,constant
786961540,1.0,5,0,0,0,0,0,0,0,IlxxxlI
786961468,34.91,7,1,1,1,1,0,0,1,kid4life
786961372,16.27,6,1,1,1,0,0,1,0,JoeRockwell
786961321,134.86,6,1,1,1,1,0,1,0,WeakAndWeary
786961273,23.56,6,1,1,1,1,0,0,1,KingGuciGuci
786961178,2.5,5,0,0,0,1,0,0,1,gust
786960953,5.0,6,0,0,0,1,0,0,1,IlxxxlI
786960931,34.68,6,1,1,1,1,0,1,0,IlxxxlI
786960861,2.38,6,1,1,0,0,0,0,1,JoeRockwell
786960786,9.5,4,1,1,0,1,0,0,1,flyshark01
786960573,5.0,6,0,0,0,1,0,0,1,KingGuciGuci
786960467,77.28,8,1,1,1,1,0,1,0,Hakuna_Matata777
786960465,7.13,5,1,1,0,1,0,0,1,Beep_Beep
786960394,5.0,6,0,0,0,1,0,0,1,KingGuciGuci
786960288,2.0,6,0,0,0,0,0,0,0,IbetUmuck
786960202,9.98,4,1,0,0,1,0,0,1,IlxxxlI
786960007,1.0,5,0,0,0,0,0,0,0,gust
786959828,5.7,6,1,1,1,1,0,1,0,Beep_Beep
786959700,2.5,6,0,0,0,1,0,0,1,Beep_Beep
786959647,3.8,8,1,1,1,0,0,0,1,arito02
786959646,35.15,6,1,1,0,1,0,0,1,IbetUmuck
786959527,2.5,6,0,0,0,1,0,0,1,LloydXmas
786959503,3.57,4,1,1,1,1,0,1,0,flyshark01
786959367,10.07,6,1,0,0,1,0,0,1,IlxxxlI
786959366,2.5,6,0,0,0,1,0,0,1,St3p04ka
786959227,2.5,5,0,0,0,1,0,0,1,WeakAndWeary
786959073,1.25,4,0,0,0,1,0,0,1,flyshark01
786959053,1.0,6,0,0,0,0,0,0,0,Beep_Beep
786958923,9.03,8,1,0,0,1,0,0,1,Hakuna_Matata777
786958669,6.0,5,0,0,0,1,0,0,1,WeakAndWeary
786958365,1.0,5,0,0,0,0,0,0,0,WeakAndWeary
786958323,11.88,6,1,1,1,1,0,0,1,LazyFish
786958308,1.0,5,0,0,0,0,0,0,0,WeakAndWeary
786958298,3.09,4,1,1,0,1,0,0,1,constant
786958123,5.0,6,0,0,0,1,0,0,1,LazyFish
786958062,1.0,5,0,0,0,0,0,0,0,gust
786958044,7.88,7,1,0,0,1,0,0,1,IlxxxlI
786957954,2.5,5,0,0,0,1,0,0,1,LloydXmas
786957824,1.9,2,1,0,0,0,0,0,1,IlxxxlI
786957770,1.0,5,0,0,0,0,0,0,0,MadLifeGrinder
786957354,17.58,6,1,1,0,1,0,0,1,rook_
786957263,2.69,4,1,1,0,0,0,0,1,constant
786957176,11.17,6,1,1,1,0,0,1,1,slick07lx
786957138,2.5,5,0,0,0,1,0,0,1,MadLifeGrinder
786956761,35.19,5,1,1,0,1,0,0,1,IlxxxlI
786956715,1.19,4,1,0,0,0,0,0,1,constant
786956719,4.5,5,0,0,0,1,0,0,1,IlxxxlI
786956498,1.0,5,0,0,0,0,0,0,0,rook_
786956463,458.82,6,1,1,1,1,0,1,0,IbetUmuck
786956410,1.0,5,0,0,0,0,0,0,0,lordboroda
786956347,47.06,7,1,1,1,1,0,1,0,arito02
786956229,1.19,4,1,0,0,0,0,0,1,constant
786955948,4.75,5,1,1,0,1,0,0,1,IlxxxlI
786955934,0.5,4,0,0,0,0,0,0,0,BHawk12
786955596,2.14,6,1,1,1,0,0,1,0,kid4life
786955505,15.2,6,1,1,0,1,0,0,1,LazyFish
786955285,5.0,6,0,0,0,1,0,0,1,MadLifeGrinder
786955220,5.8,5,0,0,0,1,0,0,1,rook_
786955013,0.95,4,1,1,1,0,0,0,1,constant
786954889,3.24,5,1,1,0,0,0,0,1,IlxxxlI
786954860,2.0,6,0,0,0,0,0,0,0,bfish602
786954739,1.25,4,0,0,0,1,0,0,1,flyshark01
786954590,27.3,5,0,0,0,1,0,0,1,KingGuciGuci
786954226,1.25,4,0,0,0,1,0,0,1,BHawk12
786954097,26.6,5,1,1,1,1,0,1,0,lordboroda
786953894,5.0,5,0,0,0,1,0,0,1,IbetUmuck
786953626,1.19,4,1,1,0,0,0,0,1,flyshark01
786953379,10.45,4,1,1,1,1,0,1,0,LazyFish
786953299,28.98,4,1,0,0,1,0,0,1,Qrenor
786953279,5.0,4,0,0,0,1,0,0,1,LazyFish
786953169,1.25,4,0,0,0,1,0,0,1,flyshark01
786952978,5.0,3,0,0,0,1,0,0,1,89_suited
786952988,5.0,4,0,0,0,1,0,0,1,IlxxxlI
786952827,31.16,4,1,1,0,1,0,0,1,KingGuciGuci
786952777,2.5,4,0,0,0,1,0,0,1,lordboroda
786952731,10.0,3,0,0,0,1,0,0,1,89_suited
786952650,2.5,5,0,0,0,1,0,0,1,Qrenor
786952519,12.5,4,0,0,0,1,0,0,1,LazyFish
786952462,9.5,3,1,0,0,1,0,0,1,VegetablesArentYummy
786952353,2.0,5,0,0,0,0,0,0,0,VegetablesArentYummy
786952354,5.0,4,0,0,0,1,0,0,1,LazyFish
786952362,2.5,5,0,0,0,1,0,0,1,LloydXmas
786952184,2.0,5,0,0,0,0,0,0,0,IlxxxlI
786952121,2.5,4,0,0,0,1,0,0,1,LloydXmas
786951737,14.61,4,1,1,0,1,0,0,1,BHawk12
786951012,4.28,4,1,1,0,1,0,0,1,BHawk12
786950461,0.5,4,0,0,0,0,0,0,0,constant
786949888,1.0,4,0,0,0,1,0,0,1,flyshark01
786949195,3.09,4,1,1,0,1,0,0,1,BHawk12
786948878,1.25,4,0,0,0,1,0,0,1,Jui
786948394,0.5,4,0,0,0,0,0,0,0,BHawk12
786948136,0.5,3,0,0,0,0,0,0,0,foreseen
786947760,0.5,4,0,0,0,0,0,0,0,Jui
786947421,1.25,4,0,0,0,1,0,0,1,foreseen
786947067,1.9,1,1,0,0,0,0,0,1,IlxxxlI
786946757,2.0,2,0,0,0,1,0,0,1,IlxxxlI
786946608,1.0,2,0,0,0,0,0,0,0,IlxxxlI
786946422,2.14,5,1,1,1,1,0,1,0,IlxxxlI
786946160,2.0,2,0,0,0,1,0,0,1,Qrenor
786946079,1.25,5,0,0,0,1,0,0,1,Jui
786945990,1.0,2,0,0,0,0,0,0,0,IlxxxlI
786945624,1.25,5,0,0,0,1,0,0,1,Maria_Pia
786945474,2.0,3,0,0,0,1,0,0,1,GagaPoker
786945358,0.5,4,0,0,0,0,0,0,0,Jui
786945084,2.0,3,0,0,0,1,0,0,1,IlxxxlI
786944972,1.25,4,0,0,0,1,0,0,1,foreseen
786944892,1.0,3,0,0,0,0,0,0,0,IlxxxlI
786943880,3.33,4,1,0,0,1,0,0,1,flyshark01
786942325,12.35,4,1,1,1,1,0,0,1,foreseen
786941898,1.25,4,0,0,0,1,0,0,1,flyshark01
786941513,0.5,4,0,0,0,0,0,0,0,Jui
786941132,1.25,4,0,0,0,1,0,0,1,Jui
786940920,1.25,5,0,0,0,1,0,0,1,IlxxxlI
786940659,0.5,5,0,0,0,0,0,0,0,flyshark01
786939702,3.09,5,1,0,0,1,0,0,1,xROCKETMANx
786939679,43.62,5,1,1,1,1,0,1,0,QDevilQ
786939495,0.5,5,0,0,0,0,0,0,0,IlxxxlI
786939117,1.25,6,0,0,0,1,0,0,1,foreseen
786938981,3.57,5,1,0,0,1,0,0,1,flyshark01
786938207,38.24,6,1,1,1,1,0,1,0,IlxxxlI
786937396,9.5,5,1,1,0,1,0,0,1,QDevilQ
786936945,10.24,6,1,1,1,1,0,1,0,Remi1738
786936891,1.25,5,0,0,0,1,0,0,1,QDevilQ
786936504,1.25,6,0,0,0,1,0,0,1,flyshark01
786935969,5.7,5,1,0,0,1,0,0,1,flyshark01
786935842,1.25,6,0,0,0,1,0,0,1,flyshark01
786935585,0.5,6,0,0,0,0,0,0,0,Remi1738
786935204,2.61,5,1,0,0,1,0,0,1,foreseen
786934814,1.25,5,0,0,0,1,0,0,1,QDevilQ
786934487,7.84,6,1,0,0,1,0,0,1,DonkReaper
786934295,1.25,5,0,0,0,1,0,0,1,Jui
786933996,0.5,6,0,0,0,0,0,0,0,xROCKETMANx
786933672,1.25,5,0,0,0,1,0,0,1,Remi1738
786932895,56.94,5,1,1,1,1,0,0,1,flyshark01
786932790,1.9,5,1,1,1,0,0,0,1,IlxxxlI
786932487,3.25,5,0,0,0,1,0,0,1,Jui
786932342,0.5,5,0,0,0,0,0,0,0,flyshark01
786932344,1.25,5,0,0,0,1,0,0,1,DonkReaper
786932089,0.5,5,0,0,0,0,0,0,0,IlxxxlI
786927584,1.25,5,0,0,0,1,0,0,1,foreseen
786927106,3.25,5,0,0,0,1,0,0,1,QDevilQ
786926272,13.0,5,0,0,0,1,0,0,1,IlxxxlI
786926051,1.25,5,0,0,0,1,0,0,1,foreseen
786925697,1.25,5,0,0,0,1,0,0,1,QDevilQ
786925234,1.25,5,0,0,0,1,0,0,1,kidpokerak
786924833,1.25,5,0,0,0,1,0,0,1,kidpokerak
786924397,1.25,5,0,0,0,1,0,0,1,kidpokerak
786923844,3.5,5,0,0,0,1,0,0,1,kidpokerak
786923175,3.09,5,1,0,0,1,0,0,1,QDevilQ
786922885,1.25,5,0,0,0,1,0,0,1,foreseen
786921348,26.45,6,1,1,1,1,0,1,0,foreseen
786920951,3.61,6,0,0,0,1,0,0,1,foreseen
786920634,0.95,6,1,0,0,0,0,0,1,kidpokerak
786919454,7.07,4,1,1,0,1,0,0,1,38979
786918969,0.5,2,0,0,0,0,0,0,0,38979
786918870,0.5,3,0,0,0,0,0,0,0,38979
786918723,0.5,3,0,0,0,0,0,0,0,IlxxxlI
786918554,1.0,4,0,0,0,1,0,0,1,BiGFck
786918351,36.04,4,1,1,1,1,0,1,0,IlxxxlI
786918235,2.25,4,0,0,0,1,0,0,1,BiGFck
786917983,0.5,4,0,0,0,0,0,0,0,IlxxxlI
786917919,0.5,4,0,0,0,0,0,0,0,EEL
786917541,1.0,4,0,0,0,1,0,0,1,imperceptible
786917530,1.25,4,0,0,0,1,0,0,1,foreseen
786917306,1.25,4,0,0,0,1,0,0,1,38979
786917096,1.25,6,0,0,0,1,0,0,1,imperceptible
786916444,9.98,4,1,1,1,1,0,1,0,foreseen
786916376,2.75,6,0,0,0,1,0,0,1,beachrog
786916184,1.25,5,0,0,0,1,0,0,1,beachrog
786915751,0.5,4,0,0,0,0,0,0,0,imperceptible
786915509,1.25,4,0,0,0,0,0,0,0,IlxxxlI
786915243,4.48,4,1,1,1,1,0,0,1,EEL
786914933,0.5,4,0,0,0,0,0,0,0,528
786914543,1.94,3,1,1,1,0,0,1,0,IlxxxlI
786914145,1.25,4,0,0,0,1,0,0,1,528
786913686,51.8,4,1,1,1,1,0,1,0,beachrog
786913579,2.37,5,1,0,0,1,0,0,1,foreseen
786913212,1.0,4,0,0,0,1,0,0,1,beachrog
786913115,0.5,5,0,0,0,0,0,0,0,38979
786912904,1.25,4,0,0,0,1,0,0,1,MEDSat420ish
786912525,2.0,5,0,0,0,1,0,0,1,IlxxxlI
786912234,6.48,5,1,1,1,1,0,1,0,528
786912028,0.5,5,0,0,0,0,0,0,0,528
786911752,0.5,5,0,0,0,0,0,0,0,xROCKETMANx
786911710,1.9,6,1,1,1,0,0,0,1,MEDSat420ish
786911205,0.5,5,0,0,0,0,0,0,0,Maria_Pia
786911057,1.0,6,0,0,0,1,0,0,1,beachrog
786910801,1.25,5,0,0,0,1,0,0,1,foreseen
786910768,8.08,6,1,1,1,1,0,0,1,DocHoliday87
786910751,1.25,6,0,0,0,1,0,0,1,MEDSat420ish
786910363,1.25,5,0,0,0,1,0,0,1,xROCKETMANx
786910158,0.5,4,0,0,0,0,0,0,0,foreseen
786910040,1.25,6,0,0,0,1,0,0,1,MEDSat420ish
786910029,29.22,6,1,1,1,1,0,1,1,beachrog
786909880,0.5,4,0,0,0,0,0,0,0,528
786909634,1.25,4,0,0,0,1,0,0,1,foreseen
786909594,4.75,5,0,0,0,1,0,0,1,Maria_Pia
786909111,3.79,3,1,0,0,1,0,0,1,IlxxxlI
786908838,0.5,4,0,0,0,0,0,0,0,IlxxxlI
786908815,19.4,6,1,1,0,1,0,0,1,beachrog
786908817,18.22,5,1,1,1,0,0,1,0,mueef
786908583,1.25,3,0,0,0,1,0,0,1,Maria_Pia
786908266,2.75,6,0,0,0,1,0,0,1,MEDSat420ish
786908159,0.5,4,0,0,0,0,0,0,0,528
786907654,30.4,5,1,1,1,1,0,1,0,IlxxxlI
786907598,1.25,3,0,0,0,1,0,0,1,foreseen
786907453,2.85,6,1,0,0,1,0,0,1,imperceptible
786907066,3.28,3,0,0,0,1,0,0,1,IlxxxlI
786906927,0.5,3,0,0,0,0,0,0,0,foreseen
786906821,9.15,5,1,1,0,1,0,0,1,mueef
786906455,1.25,3,0,0,0,1,0,0,1,foreseen
786906278,32.95,6,1,1,1,1,0,1,1,imperceptible
786906160,4.84,4,1,1,1,1,0,1,0,beachrog
786905879,1.25,3,0,0,0,1,0,0,1,foreseen
786905649,1.25,6,0,0,0,1,0,0,1,Maria_Pia
786905500,0.5,3,0,0,0,0,0,0,0,IlxxxlI
786905326,0.5,3,0,0,0,0,0,0,0,foreseen
786905286,1.75,6,0,0,0,1,0,0,1,imperceptible
786905261,10.49,4,1,1,0,1,0,0,1,imperceptible
786904881,0.5,4,0,0,0,0,0,0,0,528
786904615,0.5,4,0,0,0,0,0,0,0,Maria_Pia
786904294,28.98,4,1,1,1,1,0,1,0,IlxxxlI
786904226,1.25,4,0,0,0,1,0,0,1,528
786904098,0.5,4,0,0,0,0,0,0,0,IlxxxlI
786904026,1.25,4,0,0,0,1,0,0,1,Xobkcul
786903879,1.25,4,0,0,0,1,0,0,1,IlxxxlI
786903750,8.15,5,1,1,0,1,0,0,1,Maria_Pia
786903701,1.25,4,0,0,0,1,0,0,1,Maria_Pia
786903345,1.25,4,0,0,0,1,0,0,1,foreseen
786903323,3.57,4,1,0,0,1,0,0,1,imperceptible
786903093,0.5,4,0,0,0,0,0,0,0,Maria_Pia
786902747,31.54,4,1,1,1,1,0,1,0,beachrog
786902729,4.04,6,1,0,0,1,0,0,1,beachrog
786902731,1.25,4,0,0,0,1,0,0,1,Maria_Pia
786902578,0.5,4,0,0,0,0,0,0,0,foreseen
786902396,1.25,3,0,0,0,1,0,0,1,Maria_Pia
786902185,0.5,3,0,0,0,0,0,0,0,Xobkcul
786902145,0.95,6,1,0,0,0,0,0,1,imperceptible
786901850,7.03,4,1,1,1,1,0,0,1,IlxxxlI
786901521,3.09,4,1,0,0,1,0,0,1,imperceptible
786901063,1.25,4,0,0,0,1,0,0,1,imperceptible
786900732,2.14,4,1,0,0,1,0,0,1,imperceptible
786900722,0.95,4,1,0,0,0,0,0,1,IlxxxlI
786900627,10.34,6,1,1,1,1,0,0,1,beachrog
786900126,3.57,4,1,1,0,1,0,0,1,IlxxxlI
786899622,9.03,4,1,1,0,1,0,0,1,imperceptible
786899436,19.3,5,1,1,1,1,0,1,0,imperceptible
786898633,2.62,5,1,1,0,1,0,0,1,528
786898344,0.5,5,0,0,0,0,0,0,0,Xobkcul
786898192,3.47,5,1,1,1,1,0,1,0,IlxxxlI
786897999,0.5,4,0,0,0,0,0,0,0,imperceptible
786897546,2.38,4,1,0,0,1,0,0,1,imperceptible
786897191,0.5,4,0,0,0,0,0,0,0,beachrog
786897181,1.19,5,1,1,0,0,0,0,1,rj_2391
786896865,18.07,4,1,1,1,0,0,1,0,IlxxxlI
786896249,4.24,5,1,1,1,1,0,1,0,foreseen
786890407,1.0,5,0,0,0,0,0,0,0,AironVega
786889783,2.5,5,0,0,0,1,0,0,1,Ksowas
786888970,101.9,5,1,1,1,1,0,1,0,89_suited
786888288,40.38,5,1,1,1,1,0,1,0,Ksowas
786812272,11.49,6,1,1,1,1,0,0,1,IlxxxlI
786811817,5.0,7,0,0,0,1,0,0,1,PANDAisEVIL
786811221,3.25,6,0,0,0,1,0,0,1,imperceptible
786809794,58.64,7,1,1,1,1,0,0,1,Gronkowski69
786809153,28.79,7,1,1,1,1,0,0,1,EasyQQ
786809152,4.0,7,0,0,0,1,0,0,1,Gronkowski69
786808628,4.75,7,0,0,0,1,0,0,1,Tilt
786808070,9.5,7,1,0,0,1,0,0,1,PANDAisEVIL
786806875,85.35,7,1,1,1,1,0,1,0,IlxxxlI
786806679,11.4,6,1,1,0,1,0,0,1,IamPhamous
786806557,12.0,6,0,0,0,1,0,0,1,Iia007
786806007,5.0,6,0,0,0,1,0,0,1,PANDAisEVIL
786805967,1.19,7,1,1,1,0,0,0,1,tutofu84
786805688,13.3,6,1,1,1,1,0,1,0,Tilt
786805549,2.43,7,1,1,0,0,0,0,1,HanktheGrey
786805345,5.0,6,0,0,0,1,0,0,1,VegetablesArentYummy
786805099,0.5,8,0,0,0,0,0,0,0,OmEGaKuSh
786804675,2.14,7,1,1,1,1,0,1,0,imperceptible
786804592,28.5,6,1,0,0,1,0,0,1,IlxxxlI
786804535,9.31,6,1,0,0,1,0,0,1,mr
786804146,5.0,6,0,0,0,1,0,0,1,PANDAisEVIL
786803891,5.0,5,0,0,0,1,0,0,1,mr
786803684,2.14,6,1,0,0,1,0,0,1,coldkilla
786803585,77.85,7,1,1,1,1,0,1,0,EasyQQ
786803445,5.0,6,0,0,0,1,0,0,1,IamPhamous
786803319,5.0,6,0,0,0,1,0,0,1,PANDAisEVIL
786803106,2.14,8,1,1,1,1,0,1,0,gunnfarm
786802631,13.0,6,0,0,0,1,0,0,1,StephCurry
786802559,0.5,8,0,0,0,0,0,0,0,coldkilla
786802546,5.0,6,0,0,0,1,0,0,1,VegetablesArentYummy
786802510,0.5,7,0,0,0,0,0,0,0,kid4life
786802114,2.0,6,0,0,0,0,0,0,0,PANDAisEVIL
786801665,5.0,7,0,0,0,1,0,0,1,VegetablesArentYummy
786801299,13.0,6,0,0,0,1,0,0,1,shokerAAss
786801287,17.82,8,1,1,0,1,0,0,1,Midnight0489
786800344,1.25,8,0,0,0,1,0,0,1,coldkilla
786800240,55.8,7,1,1,1,1,0,1,0,apoo11
786800203,16.15,7,1,0,0,1,0,0,1,IamPhamous
786799985,400.0,8,1,1,1,1,0,1,0,L4zy_FiSh
786799522,18.74,4,1,1,1,1,0,0,1,Dirty4skin
786798981,15.2,7,1,0,0,1,0,0,1,Tilt
786798536,8.55,7,1,0,0,1,0,0,1,coldkilla
786798321,4.12,4,1,1,1,1,0,0,1,IlxxxlI
786798277,11.17,8,1,1,1,1,0,1,0,coldkilla
786798220,71.0,8,0,0,0,1,0,0,1,VegetablesArentYummy
786797676,1.25,4,0,0,0,1,0,0,1,Dirty4skin
786797428,1.25,4,0,0,0,1,0,0,1,Heksebrygg
786797433,5.0,7,0,0,0,1,0,0,1,PANDAisEVIL
786797335,13.3,7,1,1,0,1,0,0,1,shokerAAss
786796944,1.25,8,0,0,0,1,0,0,1,coldkilla
786796845,12.66,7,1,1,1,1,0,0,1,tutofu84
786796728,5.0,7,0,0,0,1,0,0,1,PANDAisEVIL
786796650,3.1,4,1,1,0,1,0,0,1,IlxxxlI
786796235,80.0,7,1,1,1,1,0,1,0,shokerAAss
786796051,0.5,4,0,0,0,0,0,0,0,Tilt
786795897,6.89,7,1,0,0,1,0,0,1,tutofu84
786795768,2.0,7,0,0,0,0,0,0,0,IlxxxlI
786795658,181.0,7,1,1,1,1,0,1,0,mr
786795525,2.14,4,1,0,0,1,0,0,1,Tilt
786795458,11.4,8,1,1,0,1,0,0,1,Ice
786795104,1.25,4,0,0,0,1,0,0,1,Tilt
786795027,1.25,7,0,0,0,1,0,0,1,kid4life
786794757,15.0,7,0,0,0,1,0,0,1,Iia007
786794496,1.25,4,0,0,0,1,0,0,1,FaceMelt
786794394,5.0,7,0,0,0,1,0,0,1,L4zy_FiSh
786794228,0.5,4,0,0,0,0,0,0,0,528
786794167,3.09,8,1,0,0,1,0,0,1,XxDominationxX
786793683,5.0,7,0,0,0,1,0,0,1,IlxxxlI
786793522,1.75,7,0,0,0,1,0,0,1,IlxxxlI
786793482,1.75,8,0,0,0,1,0,0,1,XxDominationxX
786793223,3.09,4,1,1,1,1,0,0,1,IlxxxlI
786792737,8.55,7,1,0,0,1,0,0,1,IAmClueless
786792268,15.0,7,0,0,0,1,0,0,1,L4zy_FiSh
786792208,4.52,4,1,1,0,1,0,0,1,Heksebrygg
786791919,6.42,6,1,0,0,1,0,0,1,coldkilla
786791654,10.3,6,1,1,0,1,0,0,1,coldkilla
786791554,13.0,7,0,0,0,1,0,0,1,mr
786791440,2.25,4,0,0,0,1,0,0,1,FaceMelt
786791143,12.83,7,1,1,0,1,0,0,1,coldkilla
786791045,1.25,4,0,0,0,1,0,0,1,IlxxxlI
786791017,5.0,7,0,0,0,1,0,0,1,LazyFish
786790692,5.0,7,0,0,0,1,0,0,1,IAmClueless
786790460,1.25,4,0,0,0,1,0,0,1,IlxxxlI
786790287,5.0,7,0,0,0,1,0,0,1,LazyFish
786790011,1.25,4,0,0,0,1,0,0,1,Tilt
786789954,4.28,7,1,1,1,1,0,0,1,OmEGaKuSh
786789898,5.0,7,0,0,0,1,0,0,1,LazyFish
786789509,79.27,7,1,1,1,1,0,1,0,tutofu84
786789480,1.25,7,0,0,0,1,0,0,1,OmEGaKuSh
786789471,45.5,6,1,1,1,1,0,1,0,EasyQQ
786789430,5.0,7,0,0,0,1,0,0,1,L4zy_FiSh
786788732,26.17,4,1,1,0,1,0,0,1,FaceMelt
786788436,1.25,7,0,0,0,1,0,0,1,imperceptible
786788212,1.67,7,1,1,1,0,0,0,1,OmEGaKuSh
786788165,10.24,6,1,1,0,1,0,0,1,EasyQQ
786788164,95.5,8,1,1,1,1,0,1,0,PANDAisEVIL
786787415,4.04,7,1,0,0,1,0,0,1,kid4life
786787353,7.02,4,1,1,1,0,0,1,0,FaceMelt
786787194,10.45,7,1,0,0,1,0,0,1,IamPhamous
786787195,1.19,7,1,1,0,0,0,0,1,OmEGaKuSh
786787172,18.05,8,1,0,0,1,0,0,1,Iia007
786786594,5.0,8,0,0,0,1,0,0,1,Iia007
786786577,4.0,7,0,0,0,1,0,0,1,L4zy_FiSh
786786274,7.37,6,1,0,0,1,0,0,1,tutofu84
786786055,5.0,7,0,0,0,1,0,0,1,PANDAisEVIL
786786045,31.41,4,1,1,1,1,0,1,0,Dirty4skin
786785917,8.35,6,1,1,1,1,0,1,0,HanktheGrey
786785812,86.78,8,1,1,1,1,0,1,0,Ice
786785689,0.5,4,0,0,0,0,0,0,0,Dirty4skin
786785287,1.25,8,0,0,0,1,0,0,1,Ice
786784764,2.14,6,1,0,0,1,0,0,1,Tilt
786784371,6.42,6,1,1,1,1,0,1,0,imperceptible
786784360,110.0,8,1,1,1,1,0,0,1,IAmClueless
786784156,4.61,7,1,1,0,1,0,0,1,OmEGaKuSh
786783862,31.49,7,1,1,0,1,0,0,1,IamPhamous
786783837,23.44,4,1,1,1,1,0,1,0,FaceMelt
786783768,3.57,6,1,0,0,1,0,0,1,IlxxxlI
786783715,9.03,6,1,0,0,1,0,0,1,tutofu84
786783682,2.5,7,0,0,0,1,0,0,1,Log_in
786783673,0.5,7,0,0,0,0,0,0,0,gunnfarm
786782910,14.25,8,1,0,0,1,0,0,1,IAmClueless
786782871,29.74,6,1,1,1,1,0,1,0,kid4life
786782619,2.14,4,1,1,0,1,0,0,1,Tilt
786782499,54.06,6,1,1,1,1,0,0,1,shokerAAss
786782233,4.84,6,1,1,0,1,0,0,1,Tilt
786781872,32.49,7,1,1,1,1,0,1,0,IlxxxlI
786781712,1.9,4,1,0,0,1,0,0,1,Tilt
786781602,28.85,5,1,0,0,1,0,0,1,PANDAisEVIL
786781282,24.4,8,1,1,1,1,0,1,0,XxDominationxX
786781090,1.25,4,0,0,0,1,0,0,1,Heksebrygg
786781076,55.1,8,1,1,1,1,0,1,0,Gronkowski69
786781064,2.5,7,0,0,0,1,0,0,1,Tilt
786781000,103.0,6,1,1,1,1,0,1,0,Ice
786780741,0.5,4,0,0,0,0,0,0,0,FaceMelt
786780401,38.48,6,1,1,1,1,0,1,0,IlxxxlI
786780325,0.5,3,0,0,0,0,0,0,0,Dirty4skin
786780198,12.35,8,1,1,0,1,0,0,1,IAmClueless
786779937,0.5,3,0,0,0,0,0,0,0,Heksebrygg
786779661,31.83,6,1,0,0,1,0,0,1,Log_in
786779552,3.33,8,1,1,0,1,0,0,1,XxDominationxX
786779357,2.38,2,1,0,0,1,0,0,1,IlxxxlI
786779139,2.14,6,1,0,0,1,0,0,1,imperceptible
786779117,0.5,2,0,0,0,0,0,0,0,IlxxxlI
786778982,2.5,6,0,0,0,1,0,0,1,mr
786778967,147.7,5,1,1,1,1,0,1,0,IamPhamous
786778702,10.55,6,1,1,1,1,0,1,0,EasyQQ
786778539,1.0,5,0,0,0,0,0,0,0,Log_in
786778094,1.25,6,0,0,0,1,0,0,1,coldkilla
786778028,2.25,3,0,0,0,1,0,0,1,Tilt
786777707,24.61,5,1,1,1,1,0,1,0,Qrenor
786777560,9.31,5,1,1,0,1,0,0,1,mr
786777428,271.04,8,1,1,1,1,0,1,1,PANDAisEVIL
786777126,19.0,7,1,1,1,1,0,0,1,CumBckMuny
786777113,5.0,5,0,0,0,1,0,0,1,mr
786777056,6.02,6,1,0,0,1,0,0,1,tutofu84
786776582,3.8,5,1,0,0,1,0,0,1,Tilt
786776453,1.0,7,0,0,0,1,0,0,1,Ice
786776409,11.0,5,0,0,0,1,0,0,1,IamPhamous
786776365,4.75,7,1,0,0,0,0,0,1,IAmClueless
786776260,3.0,7,0,0,0,1,0,0,1,IlxxxlI
786776265,21.18,3,1,1,1,1,0,0,1,Tilt
786776118,4.0,5,0,0,0,1,0,0,1,L4zy_FiSh
786775797,5.0,7,0,0,0,1,0,0,1,IamPhamous
786775789,2.62,7,1,0,0,1,0,0,1,coldkilla
786775466,3.8,3,1,1,1,1,0,0,1,528
786775410,8.55,7,1,0,0,1,0,0,1,L4zy_FiSh
786775391,15.0,7,0,0,0,1,0,0,1,mr
786775229,1.25,3,0,0,0,1,0,0,1,Dirty4skin
786775232,3.57,7,1,0,0,1,0,0,1,XxDominationxX
786775061,2.78,6,1,1,1,0,0,0,1,kid4life
786774996,5.0,7,0,0,0,1,0,0,1,IAmClueless
786774898,3.5,3,0,0,0,1,0,0,1,Tilt
786774839,13.3,7,1,1,0,1,0,0,1,PANDAisEVIL
786774652,10.45,7,1,0,0,1,0,0,1,PANDAisEVIL
786774633,1.25,4,0,0,0,1,0,0,1,528
786774585,5.0,7,0,0,0,1,0,0,1,Iia007
786774524,2.25,6,0,0,0,1,0,0,1,tutofu84
786774459,9.26,7,1,1,1,1,0,1,0,coldkilla
786774439,0.5,4,0,0,0,0,0,0,0,Dirty4skin
786774214,1.75,6,0,0,0,1,0,0,1,kid4life
786774163,1.25,4,0,0,0,1,0,0,1,Tilt
786774087,8.55,7,1,1,0,1,0,0,1,IlxxxlI
786774019,4.75,7,1,0,0,1,0,0,1,XxDominationxX
786773986,0.5,4,0,0,0,0,0,0,0,528
786773759,1.0,4,0,0,0,1,0,0,1,Tilt
786773541,13.54,6,1,1,1,1,0,1,0,Aquaman75
786773519,184.42,7,1,1,1,1,0,1,0,IlxxxlI
786773500,1.25,4,0,0,0,1,0,0,1,Heksebrygg
786773501,4.28,6,1,0,0,1,0,0,1,CumBckMuny
786773332,0.5,4,0,0,0,0,0,0,0,imperceptible
786773198,1.25,6,0,0,0,1,0,0,1,kid4life
786773106,2.37,6,1,0,0,1,0,0,1,Log_in
786772877,17.0,7,0,0,0,1,0,0,1,PANDAisEVIL
786772763,1.25,6,0,0,0,1,0,0,1,Ice
786772602,38.0,5,1,1,1,1,0,1,0,Tilt
786772414,2.85,6,1,0,0,1,0,0,1,Tilt
786772201,1.25,6,0,0,0,1,0,0,1,XxDominationxX
786771982,1.25,5,0,0,0,1,0,0,1,Heksebrygg
786771436,73.04,7,1,1,1,1,0,0,1,IamPhamous
786771016,5.0,6,0,0,0,1,0,0,1,shokerAAss
786770923,2.85,5,1,0,0,1,0,0,1,Tilt
786770836,3.09,6,1,0,0,1,0,0,1,CumBckMuny
786770450,5.0,6,0,0,0,1,0,0,1,IlxxxlI
786770398,0.5,5,0,0,0,0,0,0,0,Tilt
786770355,10.22,6,1,1,0,1,0,0,1,kid4life
786770126,1.25,6,0,0,0,1,0,0,1,XxDominationxX
786769636,14.0,7,0,0,0,1,0,0,1,IamPhamous
786769565,4.28,5,1,0,0,1,0,0,1,imperceptible
786769247,1.25,5,0,0,0,1,0,0,1,Tilt
786769196,5.0,7,0,0,0,1,0,0,1,PANDAisEVIL
786768939,7.37,6,1,0,0,1,0,0,1,tutofu84
786768875,0.5,5,0,0,0,0,0,0,0,Heksebrygg
786768073,3.57,7,1,1,0,1,0,0,1,coldkilla
786767926,1.25,5,0,0,0,1,0,0,1,Tilt
786767552,1.25,6,0,0,0,1,0,0,1,Tilt
786767356,53.83,7,1,1,0,1,0,0,1,MadLifeGrinder
786767150,6.02,5,1,0,0,1,0,0,1,IlxxxlI
786766793,8.55,7,1,0,0,1,0,0,1,Tilt
786766439,2.14,6,1,1,0,1,0,0,1,tutofu84
786766352,5.0,7,0,0,0,1,0,0,1,IlxxxlI
786766291,3.09,5,1,1,1,1,0,1,0,Heksebrygg
786766260,1.43,7,1,1,1,0,0,1,0,Taxriverman
786765932,1.25,5,0,0,0,1,0,0,1,Evilclown
786765652,3.25,7,0,0,0,1,0,0,1,Log_in
786765513,0.5,5,0,0,0,0,0,0,0,Dirty4skin
786765423,40.85,7,1,0,0,1,0,0,1,Iia007
786765172,1.25,5,0,0,0,1,0,0,1,IlxxxlI
786764942,0.5,4,0,0,0,0,0,0,0,Evilclown
786764887,1.25,7,0,0,0,1,0,0,1,coldkilla
786764800,15.0,7,0,0,0,1,0,0,1,IamPhamous
786764474,1.25,6,0,0,0,1,0,0,1,Aquaman75
786764209,14.25,7,1,0,0,1,0,0,1,shokerAAss
786764190,2.38,3,1,1,0,1,0,0,1,Dirty4skin
786764192,1.25,7,0,0,0,1,0,0,1,coldkilla
786763991,0.5,4,0,0,0,0,0,0,0,Dirty4skin
786763839,1.25,5,0,0,0,1,0,0,1,imperceptible
786763840,0.5,7,0,0,0,0,0,0,0,Ice
786763453,0.5,5,0,0,0,0,0,0,0,Tilt
786762795,3.57,8,1,0,0,1,0,0,1,XxDominationxX
786762192,62.23,7,1,1,1,1,0,1,1,tutofu84
786762153,12.12,4,1,1,1,1,0,1,0,virtualbox
786762126,24.7,6,1,1,1,1,0,1,0,Iia007
786761653,1.25,7,0,0,0,1,0,0,1,Log_in
786760985,6.46,4,1,1,0,1,0,0,1,Heksebrygg
786760457,31.05,6,1,1,0,1,0,0,1,IlxxxlI
786760266,1.25,5,0,0,0,1,0,0,1,IlxxxlI
786760027,20.64,8,1,1,1,1,0,1,0,XxDominationxX
786759963,1.25,5,0,0,0,1,0,0,1,Log_in
786759309,1.0,5,0,0,0,1,0,0,1,Madmonkeygan
786759051,38.86,6,1,1,1,1,0,0,1,Tilt
786759029,1.25,8,0,0,0,1,0,0,1,XxDominationxX
786758661,3.42,5,1,1,0,1,0,0,1,Madmonkeygan
786758584,2.0,6,0,0,0,0,0,0,0,Tilt
786758428,1.75,8,0,0,0,1,0,0,1,Ice
786758073,5.0,6,0,0,0,1,0,0,1,mr
786757358,4.04,7,1,0,0,1,0,0,1,IlxxxlI
786757268,5.0,6,0,0,0,1,0,0,1,PANDAisEVIL
786757121,10.19,5,1,1,1,1,0,1,0,Madmonkeygan
786756755,1.25,5,0,0,0,1,0,0,1,Log_in
786756509,0.5,5,0,0,0,0,0,0,0,Patty
786756079,1.25,5,0,0,0,1,0,0,1,IlxxxlI
786755996,164.0,6,1,1,1,1,0,1,0,mr
786755889,11.12,7,1,1,0,1,0,0,1,rounderontilt
786755178,15.0,6,0,0,0,1,0,0,1,IamPhamous
786754969,13.33,5,1,1,1,1,0,1,0,virtualbox
786754849,8.08,7,1,0,0,1,0,0,1,rounderontilt
786754832,2.0,6,0,0,0,0,0,0,0,Iia007
786754023,20.9,6,1,0,0,1,0,0,1,IamPhamous
786753883,10.55,5,1,1,0,1,0,0,1,Log_in
786753616,1.67,7,1,1,0,0,0,0,1,Taxriverman
786753489,5.0,6,0,0,0,1,0,0,1,mr
786753037,1.25,7,0,0,0,1,0,0,1,XxDominationxX
786752419,5.0,7,0,0,0,1,0,0,1,IamPhamous
786751655,5.0,7,0,0,0,1,0,0,1,MadLifeGrinder
786750271,48.66,7,1,1,1,1,0,1,0,shokerAAss
786749856,5.0,7,0,0,0,1,0,0,1,IlxxxlI
786748690,29.64,7,1,1,1,1,0,0,1,MadLifeGrinder
786748409,39.66,2,1,1,1,1,0,0,1,IlxxxlI
786748119,4.0,2,0,0,0,1,0,0,1,PANDAisEVIL
786747772,5.0,7,0,0,0,1,0,0,1,IlxxxlI
786747022,25.7,3,1,0,0,1,0,0,1,PANDAisEVIL
786746332,2.5,5,0,0,0,1,0,0,1,PeLanpapa
786746175,23.96,4,1,1,0,1,0,0,1,Gargantuatua
786746138,49.65,7,1,1,1,1,0,1,1,PANDAisEVIL
786745574,1.9,5,1,0,0,0,0,0,1,PeLanpapa
786745279,5.0,7,0,0,0,1,0,0,1,IlxxxlI
786744578,5.0,8,0,0,0,1,0,0,1,AgSweep
786743962,2.5,8,0,0,0,1,0,0,1,Qrenor
786743481,39.9,8,1,0,0,1,0,0,1,shokerAAss
786743284,4.0,7,0,0,0,1,0,0,1,Iia007
786742965,5.0,8,0,0,0,1,0,0,1,PANDAisEVIL
786742769,199.0,5,1,1,1,1,0,1,0,PeLanpapa
786742499,8.5,7,0,0,0,1,0,0,1,Log_in
786742446,2.5,5,0,0,0,1,0,0,1,shokerAAss
786742045,2.5,6,0,0,0,1,0,0,1,IamPhamous
786742009,2.5,5,0,0,0,1,0,0,1,Winter
786741610,14.25,8,1,0,0,1,0,0,1,PANDAisEVIL
786741072,15.0,8,0,0,0,1,0,0,1,PANDAisEVIL
786740891,3.8,6,1,1,0,1,0,0,1,Log_in
786740630,23.45,6,1,0,0,1,0,0,1,IlxxxlI
786740232,27.78,8,1,1,1,1,0,1,0,shokerAAss
786739724,40.99,6,1,1,1,1,0,0,1,IlxxxlI
786739184,2.5,7,0,0,0,1,0,0,1,IamPhamous
786739033,16.15,8,1,0,0,1,0,0,1,shokerAAss
786738141,11.4,8,1,0,0,1,0,0,1,IamPhamous
786738017,7.13,7,1,1,0,1,0,0,1,coldkilla
786737233,10.45,8,1,1,0,1,0,0,1,shokerAAss
786736904,12.05,8,1,1,0,1,0,0,1,Qrenor
786736588,10.45,7,1,0,0,1,0,0,1,MadLifeGrinder
786736571,1.9,2,1,0,0,0,0,0,1,IlxxxlI
786736211,1.0,3,0,0,0,0,0,0,0,IlxxxlI
786736151,5.0,7,0,0,0,1,0,0,1,loolu
786735426,1.0,5,0,0,0,0,0,0,0,Qrenor
786735183,31.92,8,1,1,1,1,0,0,1,IamPhamous
786734874,2.0,7,0,0,0,0,0,0,0,Iia007
786734555,2.0,7,0,0,0,0,0,0,0,PANDAisEVIL
786734327,7.2,5,0,0,0,1,0,0,1,PANDAisEVIL
786734057,1.0,5,0,0,0,0,0,0,0,PANDAisEVIL
786733540,12.05,9,1,1,0,1,0,0,1,Qrenor
786732801,13.49,4,1,1,1,1,0,0,1,Qrenor
786732778,14.0,7,0,0,0,1,0,0,1,loolu
786732434,8.55,9,1,0,0,1,0,0,1,IlxxxlI
786732325,5.0,7,0,0,0,1,0,0,1,shokerAAss
786732048,201.0,8,1,1,1,1,0,1,0,PeLanpapa
786732017,2.5,4,0,0,0,0,0,0,0,IlxxxlI
786731705,2.5,9,0,0,0,1,0,0,1,aleaga
786731566,5.0,4,0,0,0,1,0,0,1,Qrenor
786731330,479.88,7,1,1,1,1,0,1,0,aleaga
786730943,2.5,5,0,0,0,1,0,0,1,badboy85
786730906,7.5,9,0,0,0,1,0,0,1,aleaga
786730813,1.0,3,0,0,0,0,0,0,0,MrCRABS333
786730460,1.0,3,0,0,0,0,0,0,0,IlxxxlI
786730165,19.95,7,1,0,0,1,0,0,1,Iia007
786730077,39.43,8,1,1,1,1,0,0,1,Qrenor
786729997,7.0,3,0,0,0,1,0,0,1,MrCRABS333
786729961,2.0,3,0,0,0,1,0,0,1,shokerAAss
786729730,8.35,5,1,1,1,1,0,0,1,Qrenor
786729681,5.0,7,0,0,0,1,0,0,1,loolu
786729438,2.5,5,0,0,0,1,0,0,1,St3p04ka
786729381,2.5,3,0,0,0,1,0,0,1,Qrenor
786729266,2.5,3,0,0,0,1,0,0,1,Qrenor
786729086,2.5,8,0,0,0,1,0,0,1,Winter
786728937,2.5,5,0,0,0,1,0,0,1,thethinmanlb
786728838,12.0,7,0,0,0,1,0,0,1,Gronkowski69
786728603,2.5,7,0,0,0,1,0,0,1,IlxxxlI
786728062,2.5,7,0,0,0,1,0,0,1,PeLanpapa
786728001,5.7,4,1,1,0,1,0,0,1,IlxxxlI
786727993,12.6,7,0,0,0,1,0,0,1,loolu
786727329,32.93,5,1,1,0,1,0,0,1,thethinmanlb
786727265,5.0,9,0,0,0,1,0,0,1,aleaga
786727027,6.65,7,1,1,0,1,0,0,1,Winter
786726283,8.74,6,1,1,1,1,0,1,0,thethinmanlb
786726268,83.86,5,1,1,1,1,0,0,1,St3p04ka
786725908,1.0,6,0,0,0,0,0,0,0,St3p04ka
786725905,1.0,6,0,0,0,0,0,0,0,thethinmanlb
786725349,16.67,9,1,1,1,1,0,0,1,loolu
786725254,2.5,6,0,0,0,1,0,0,1,Qrenor
786725031,31.35,7,1,1,1,1,0,0,1,IlxxxlI
786724967,7.5,6,0,0,0,1,0,0,1,IlxxxlI
786724663,2.5,6,0,0,0,1,0,0,1,Qrenor
786724597,1.0,7,0,0,0,0,0,0,0,Iia007
786724422,4.5,6,0,0,0,1,0,0,1,Qrenor
786724376,22.67,9,1,1,0,1,0,0,1,IlxxxlI
786724344,2.5,6,0,0,0,1,0,0,1,St3p04ka
786724103,1.0,7,0,0,0,0,0,0,0,IlxxxlI
786724019,2.5,6,0,0,0,1,0,0,1,St3p04ka
786723955,1.0,6,0,0,0,0,0,0,0,Qrenor
786723688,2.5,7,0,0,0,1,0,0,1,Iia007
786723548,2.5,6,0,0,0,1,0,0,1,thethinmanlb
786723306,5.23,6,1,1,0,1,0,0,1,St3p04ka
786723027,15.74,8,1,0,0,1,0,0,1,IlxxxlI
786722851,115.22,9,1,1,1,1,0,0,1,Iia007
786722663,2.5,8,0,0,0,1,0,0,1,shokerAAss
786722646,5.0,9,0,0,0,1,0,0,1,shokerAAss
786722510,18.7,6,1,1,1,1,0,0,1,thethinmanlb
786722208,17.81,6,1,0,0,1,0,0,1,Qrenor
786722176,8.35,6,1,0,0,1,0,0,1,thethinmanlb
786722067,2.5,7,0,0,0,1,0,0,1,IlxxxlI
786721971,122.04,9,1,1,0,1,0,0,1,IamPhamous
786721880,2.0,6,0,0,0,1,0,0,1,MrCRABS333
786721802,2.5,6,0,0,0,0,0,0,0,IlxxxlI
786721695,2.0,9,0,0,0,0,0,0,0,Gronkowski69
786721388,2.5,6,0,0,0,1,0,0,1,St3p04ka
786721295,8.35,7,1,1,0,1,0,0,1,aleaga
786721122,68.0,6,0,0,0,1,0,0,1,MrCRABS333
786720997,2.5,6,0,0,0,1,0,0,1,St3p04ka
786720965,15.0,9,0,0,0,1,0,0,1,IamPhamous
786720794,2.5,7,0,0,0,1,0,0,1,Qrenor
786720602,4.0,5,0,0,0,1,0,0,1,plin777
786720488,17.1,6,1,0,0,1,0,0,1,St3p04ka
786720170,3.8,5,1,0,0,0,0,0,1,wethco
786720155,2.5,7,0,0,0,1,0,0,1,shokerAAss
786720015,27.0,9,0,0,0,1,0,0,1,loolu
786719947,89.12,6,1,1,0,1,0,0,1,St3p04ka
786719770,4.07,6,1,0,0,1,0,0,1,thethinmanlb
786719672,2.0,7,0,0,0,1,0,0,1,St3p04ka
786719511,1.0,6,0,0,0,0,0,0,0,thethinmanlb
786719417,14.25,9,1,0,0,1,0,0,1,Iia007
786719080,2.5,6,0,0,0,1,0,0,1,thethinmanlb
786718969,44.08,5,1,1,0,1,0,0,1,IlxxxlI
786718932,5.0,9,0,0,0,1,0,0,1,MadLifeGrinder
786718653,6.96,6,1,1,0,1,0,0,1,AironVega
786718137,50.83,7,1,1,1,1,0,0,1,Winter
786718086,6.5,6,0,0,0,1,0,0,1,MrCRABS333
786718064,4.28,6,1,0,0,1,0,0,1,BigBlat
786717923,21.53,5,1,1,0,1,0,0,1,plin777
786717478,2.5,6,0,0,0,1,0,0,1,thethinmanlb
786717367,1.0,6,0,0,0,0,0,0,0,AironVega
786717193,17.1,5,1,0,0,1,0,0,1,wethco
786717132,2.5,7,0,0,0,1,0,0,1,aleaga
786716917,5.0,5,0,0,0,1,0,0,1,IlxxxlI
786716746,2.0,5,0,0,0,0,0,0,0,plin777
786716495,72.12,9,1,1,1,1,0,1,0,aleaga
786716228,8.55,5,1,0,0,1,0,0,1,plin777
786716222,22.65,6,1,1,1,1,0,1,0,MrCRABS333
786716053,2.5,8,0,0,0,1,0,0,1,Iia007
786715923,5.0,9,0,0,0,1,0,0,1,Iia007
786715576,5.0,9,0,0,0,1,0,0,1,loolu
786715521,7.6,5,1,1,0,1,0,0,1,coldkilla
786715379,2.5,8,0,0,0,1,0,0,1,Winter
786715210,25.18,6,1,1,1,1,0,1,0,IlxxxlI
786715053,10.45,9,1,0,0,1,0,0,1,aleaga
786714957,7.6,5,1,0,0,1,0,0,1,coldkilla
786714855,2.5,8,0,0,0,1,0,0,1,Qrenor
786714704,2.5,6,0,0,0,1,0,0,1,AironVega
786714689,4.0,6,0,0,0,1,0,0,1,plin777
786714253,5.0,6,0,0,0,1,0,0,1,coldkilla
786714217,2.5,6,0,0,0,1,0,0,1,MrCRABS333
786714162,2.5,8,0,0,0,1,0,0,1,Log_in
786713759,71.96,5,1,1,1,1,0,1,0,coldkilla
786713513,2.0,6,0,0,0,1,0,0,1,AironVega
786713212,2.0,5,0,0,0,1,0,0,1,MrCRABS333
786713043,185.0,9,1,1,1,1,0,1,1,Gronkowski69
786713010,15.51,5,1,1,1,1,0,1,0,BigBlat
786712848,2.5,5,0,0,0,1,0,0,1,MadLifeGrinder
786712435,2.5,5,0,0,0,1,0,0,1,Qrenor
786712411,118.0,5,1,1,1,1,0,1,0,BigBlat
786712086,203.75,8,1,1,1,1,0,1,0,aleaga
786711532,86.0,8,1,1,1,1,0,0,1,shokerAAss
786711448,5.7,5,1,1,1,0,0,1,0,wethco
786711296,1.0,8,0,0,0,0,0,0,0,IlxxxlI
786710817,5.0,6,0,0,0,1,0,0,1,coldkilla
786710425,33.25,7,1,1,0,1,0,0,1,shokerAAss
786710387,8.55,6,1,0,0,1,0,0,1,coldkilla
786709918,5.0,6,0,0,0,1,0,0,1,BigBlat
786709570,3.8,7,1,1,0,0,0,0,1,IlxxxlI
786709283,8.55,6,1,0,0,1,0,0,1,BigBlat
786709093,5.0,7,0,0,0,1,0,0,1,aleaga
786708201,44.0,7,0,0,0,1,0,0,1,aleaga
786708069,33.27,6,1,1,1,1,0,1,0,wethco
786707836,5.0,8,0,0,0,1,0,0,1,Randall5
786707652,10.0,2,0,0,0,1,0,0,1,shokerAAss
786707316,4.0,3,0,0,0,1,0,0,1,shokerAAss
786707113,2.0,3,0,0,0,0,0,0,0,IlxxxlI
786706999,22.8,9,1,0,0,1,0,0,1,IlxxxlI
786706925,38.78,6,1,1,0,1,0,0,1,BigBlat
786706330,5.0,9,0,0,0,1,0,0,1,IamPhamous
786705751,51.87,6,1,1,1,1,0,0,1,plin777
786705674,42.0,9,0,0,0,1,0,0,1,IlxxxlI
786705647,5.0,3,0,0,0,1,0,0,1,IlxxxlI
786705515,2.0,3,0,0,0,0,0,0,0,shokerAAss
786705326,5.0,5,0,0,0,1,0,0,1,IlxxxlI
786705061,4.0,3,0,0,0,1,0,0,1,TonnaMunz
786704953,30.21,6,1,0,0,1,0,0,1,coldkilla
786704756,4.0,6,0,0,0,1,0,0,1,coldkilla
786704728,10.45,9,1,1,1,1,0,0,1,MadLifeGrinder
786704688,4.28,6,1,0,0,1,0,0,1,badboy85
786704632,14.0,4,0,0,0,1,0,0,1,TonnaMunz
786704422,2.0,4,0,0,0,0,0,0,0,shokerAAss
786703700,11.4,4,1,1,1,1,0,0,1,TonnaMunz
786703541,5.0,4,0,0,0,1,0,0,1,IlxxxlI
786703395,35.19,9,1,1,0,1,0,0,1,IamPhamous
786703361,2.0,4,0,0,0,0,0,0,0,BigBlat
786703004,2.0,8,0,0,0,0,0,0,0,IlxxxlI
786702947,10.88,4,0,0,0,1,0,0,1,shokerAAss
786702749,4.0,4,0,0,0,1,0,0,1,TonnaMunz
786378797,4.0,5,0,0,0,1,0,0,1,AligateR
786378667,9.5,5,1,0,0,1,0,0,1,gfclbv
786378580,5.0,4,0,0,0,1,0,0,1,meandkids
786378501,5.0,4,0,0,0,1,0,0,1,meandkids
786378434,4.0,4,0,0,0,1,0,0,1,meandkids
786378288,4.0,5,0,0,0,1,0,0,1,meandkids
786378216,2.0,5,0,0,0,0,0,0,0,dscshift
786378146,9.72,6,1,1,1,1,0,1,0,GreinSeint
786378099,5.7,5,1,0,0,0,0,0,1,IlxxxlI
786378021,5.0,5,0,0,0,1,0,0,1,Wollverin
786377931,4.92,5,1,1,1,1,0,1,0,IlxxxlI
786377765,35.15,5,1,1,1,1,0,0,1,gfclbv
786377761,1.9,5,1,1,0,1,0,0,1,BirdieKing
786377615,6.02,5,1,0,0,1,0,0,1,BirdieKing
786377555,0.5,4,0,0,0,0,0,0,0,IlxxxlI
786377348,54.14,5,1,1,1,1,0,0,1,Are
786377271,9.98,5,1,0,0,1,0,0,1,in_ur_i
786377226,2.0,5,0,0,0,0,0,0,0,dscshift
786377230,0.5,4,0,0,0,0,0,0,0,BirdieKing
786377114,1.25,5,0,0,0,1,0,0,1,BirdieKing
786377038,1.25,5,0,0,0,1,0,0,1,caballeroXXX
786376978,17.13,5,1,1,1,1,0,1,0,in_ur_i
786376937,17.41,4,1,1,1,1,0,0,1,gfclbv
786376912,2.85,5,1,0,0,1,0,0,1,BirdieKing
786376882,0.5,5,0,0,0,0,0,0,0,in_ur_i
786376800,5.0,5,0,0,0,1,0,0,1,IlxxxlI
786376797,1.25,5,0,0,0,1,0,0,1,IlxxxlI
786376795,6.89,5,1,0,0,1,0,0,1,GreinSeint
786376705,0.5,6,0,0,0,0,0,0,0,IlxxxlI
786376691,1.25,6,0,0,0,1,0,0,1,in_ur_i
786376680,14.06,4,1,1,1,1,0,1,0,Are
786376633,3.09,5,1,0,0,1,0,0,1,in_ur_i
786376617,1.25,6,0,0,0,1,0,0,1,DonkReaper
786376513,5.0,4,0,0,0,1,0,0,1,Wollverin
786376498,1.25,5,0,0,0,1,0,0,1,in_ur_i
786376445,2.85,6,1,0,0,1,0,0,1,BirdieKing
786376429,0.5,5,0,0,0,0,0,0,0,caballeroXXX
786376428,5.0,4,0,0,0,1,0,0,1,gfclbv
786376388,4.74,5,1,1,0,1,0,0,1,caballeroXXX
786376354,1.0,5,0,0,0,1,0,0,1,GreinSeint
786376343,2.0,4,0,0,0,0,0,0,0,Wollverin
786376317,1.25,6,0,0,0,1,0,0,1,IlxxxlI
786376222,7.46,5,1,0,0,1,0,0,1,IlxxxlI
786376185,1.9,6,1,1,0,0,0,0,1,GreinSeint
786376109,1.0,6,0,0,0,1,0,0,1,meandkids
786376030,0.5,6,0,0,0,0,0,0,0,meandkids
786375999,19.93,5,1,1,1,1,0,1,0,caballeroXXX
786375903,60.0,5,1,1,1,1,0,0,1,Wollverin
786375837,5.55,6,1,1,0,1,0,0,1,caballeroXXX
786375788,7.84,5,1,1,1,1,0,0,1,SenNoSen
786375716,4.0,5,0,0,0,1,0,0,1,Are
786375700,1.25,6,0,0,0,1,0,0,1,meandkids
786375698,2.62,5,1,0,0,1,0,0,1,in_ur_i
786375620,0.5,6,0,0,0,0,0,0,0,GreinSeint
786375577,1.25,6,0,0,0,1,0,0,1,in_ur_i
786375554,5.0,5,0,0,0,1,0,0,1,Wollverin
786375533,1.25,6,0,0,0,1,0,0,1,meandkids
786375526,3.09,5,1,1,0,1,0,0,1,DonkReaper
786375493,3.75,6,0,0,0,1,0,0,1,Cinch23
786375446,1.25,6,0,0,0,1,0,0,1,caballeroXXX
786375445,0.5,6,0,0,0,0,0,0,0,caballeroXXX
786375365,1.25,6,0,0,0,1,0,0,1,GreinSeint
786375335,3.8,6,1,1,0,1,0,0,1,Cinch23
786375299,14.41,6,1,1,1,1,0,1,0,Cinch23
786375284,1.0,6,0,0,0,1,0,0,1,in_ur_i
786375285,10.45,5,1,0,0,1,0,0,1,Are
786375241,1.0,6,0,0,0,1,0,0,1,SenNoSen
786375192,1.25,5,0,0,0,1,0,0,1,caballeroXXX
786375038,1.25,6,0,0,0,1,0,0,1,in_ur_i
786375031,20.9,5,1,1,0,1,0,0,1,BBDub27
786375004,88.38,6,1,1,1,1,0,1,0,SenNoSen
786374986,4.04,6,1,0,0,1,0,0,1,caballeroXXX
786374901,1.25,6,0,0,0,1,0,0,1,Cinch23
786374836,0.5,6,0,0,0,0,0,0,0,DonkReaper
786374758,10.0,4,0,0,0,1,0,0,1,gfclbv
786374711,5.0,6,0,0,0,1,0,0,1,caballeroXXX
786374685,12.24,5,1,1,1,1,0,1,0,caballeroXXX
786374681,5.0,4,0,0,0,1,0,0,1,BBDub27
786374648,0.5,5,0,0,0,0,0,0,0,IlxxxlI
786374637,2.0,2,0,0,0,0,0,0,0,IlxxxlI
786374626,0.5,5,0,0,0,0,0,0,0,caballeroXXX
786374590,1.25,5,0,0,0,1,0,0,1,SenNoSen
786374529,2.0,3,0,0,0,0,0,0,0,Are
786374418,38.0,5,1,1,1,1,0,1,0,IlxxxlI
786374408,10.45,4,1,1,0,1,0,0,1,Are
786374386,6.56,5,1,1,1,0,0,1,0,caballeroXXX
786374373,0.5,5,0,0,0,0,0,0,0,Cinch23
786374302,1.0,5,0,0,0,1,0,0,1,SenNoSen
786374277,5.0,4,0,0,0,1,0,0,1,Are
786374262,2.14,5,1,0,0,1,0,0,1,caballeroXXX
786374145,5.0,4,0,0,0,1,0,0,1,Wollverin
786374138,24.47,5,1,0,0,1,0,0,1,caballeroXXX
786374081,0.5,5,0,0,0,0,0,0,0,IlxxxlI
786373985,1.25,5,0,0,0,1,0,0,1,in_ur_i
786373930,12.65,5,1,1,1,1,0,1,0,Cinch23
786373915,0.5,5,0,0,0,0,0,0,0,caballeroXXX
786373841,1.25,5,0,0,0,1,0,0,1,in_ur_i
786373822,0.5,5,0,0,0,0,0,0,0,in_ur_i
786373762,4.75,4,1,1,0,0,0,0,1,BBDub27
786373721,1.25,5,0,0,0,1,0,0,1,meandkids
786373673,13.0,4,0,0,0,1,0,0,1,BBDub27
786373655,1.9,5,1,0,0,1,0,0,1,Cinch23
786373649,1.25,5,0,0,0,1,0,0,1,in_ur_i
786373593,4.0,4,0,0,0,0,0,0,0,BBDub27
786373582,0.5,5,0,0,0,0,0,0,0,Cinch23
786373525,0.5,4,0,0,0,0,0,0,0,in_ur_i
786373459,19.95,4,1,0,0,1,0,0,1,BBDub27
786373410,1.25,5,0,0,0,1,0,0,1,in_ur_i
786373227,20.11,3,1,1,1,1,0,0,1,IlxxxlI
786373225,6.02,5,1,0,0,1,0,0,1,caballeroXXX
786373141,5.0,4,0,0,0,1,0,0,1,Wollverin
786373062,10.93,6,1,1,1,1,0,1,0,caballeroXXX
786372883,32.3,3,1,0,0,1,0,0,1,meandkids
786372837,4.28,6,1,0,0,1,0,0,1,DonkReaper
786372776,0.5,6,0,0,0,0,0,0,0,in_ur_i
786372752,5.0,4,0,0,0,1,0,0,1,Wollverin
786372687,2.0,5,0,0,0,0,0,0,0,IlxxxlI
786372588,33.88,4,1,1,1,1,0,0,1,IlxxxlI
786372521,9.5,4,1,0,0,1,0,0,1,IlxxxlI
786372459,2.0,5,0,0,0,0,0,0,0,IlxxxlI
786372412,2.0,5,0,0,0,0,0,0,0,meandkids
786372391,25.0,5,0,0,0,1,0,0,1,Wollverin
786372378,1.25,6,0,0,0,1,0,0,1,caballeroXXX
786372354,2.0,4,0,0,0,0,0,0,0,Wollverin
786372295,1.0,6,0,0,0,1,0,0,1,caballeroXXX
786372170,4.0,5,0,0,0,1,0,0,1,Wollverin
786372123,1.0,6,0,0,0,1,0,0,1,caballeroXXX
786371995,11.0,5,0,0,0,1,0,0,1,Wollverin
786371930,2.0,5,0,0,0,0,0,0,0,BBDub27
786371870,4.0,4,0,0,0,1,0,0,1,IlxxxlI
786371770,5.0,4,0,0,0,1,0,0,1,meandkids
786371742,41.69,6,1,1,1,1,0,0,1,DonkReaper
786371737,89.82,4,1,1,1,1,0,0,1,sheenius81
786371678,2.0,5,0,0,0,0,0,0,0,Are
786371570,3.09,6,1,0,0,1,0,0,1,DonkReaper
786371547,2.0,4,0,0,0,0,0,0,0,38979
786371487,0.5,5,0,0,0,0,0,0,0,in_ur_i
786371441,0.5,5,0,0,0,0,0,0,0,DonkReaper
786371352,1.5,4,0,0,0,1,0,0,1,caballeroXXX
786371282,18.05,4,1,1,1,1,0,0,1,Wollverin
786371106,1.9,4,1,1,0,0,0,0,1,caballeroXXX
786371096,5.0,5,0,0,0,1,0,0,1,Are
786371034,22.8,4,1,1,1,1,0,1,0,IlxxxlI
786370839,7.41,4,1,1,1,1,0,0,1,caballeroXXX
786370797,9.0,4,0,0,0,1,0,0,1,Wollverin
786370756,1.25,4,0,0,0,1,0,0,1,caballeroXXX
786370747,8.93,5,1,1,0,1,0,0,1,Are
786370533,32.3,5,1,0,0,1,0,0,1,BBDub27
786370506,15.88,4,1,1,1,1,0,1,0,sucazappa
786370481,224.6,5,1,1,1,1,0,1,0,38979
786370396,5.0,5,0,0,0,1,0,0,1,BBDub27
786370370,3.09,3,1,0,0,1,0,0,1,in_ur_i
786370266,0.95,3,1,0,0,0,0,0,1,IlxxxlI
786370253,5.0,5,0,0,0,1,0,0,1,BBDub27
786370208,0.5,3,0,0,0,0,0,0,0,in_ur_i
786370130,1.0,3,0,0,0,1,0,0,1,caballeroXXX
786370081,7.76,2,1,1,1,1,0,0,1,Cinch23
786370059,13.0,5,0,0,0,1,0,0,1,38979
786370039,2.0,2,0,0,0,1,0,0,1,Cinch23
786370001,16.15,3,1,1,0,1,0,0,1,38979
786369988,92.0,5,1,1,1,1,0,0,1,sheenius81
786369966,0.5,3,0,0,0,0,0,0,0,38979
786369878,0.5,3,0,0,0,0,0,0,0,caballeroXXX
786369869,2.0,3,0,0,0,1,0,0,1,Cinch23
786369810,13.0,5,0,0,0,1,0,0,1,IlxxxlI
786369808,3.09,3,1,1,1,1,0,1,0,IlxxxlI
786369806,5.0,5,0,0,0,1,0,0,1,Are
786369791,1.25,3,0,0,0,1,0,0,1,caballeroXXX
786369771,2.5,3,0,0,0,1,0,0,1,38979
786369721,1.25,4,0,0,0,1,0,0,1,IlxxxlI
786369693,2.0,3,0,0,0,1,0,0,1,38979
786369591,0.95,4,1,0,0,0,0,0,1,IlxxxlI
786369582,9.5,5,1,1,0,1,0,0,1,dscshift
786369581,41.0,3,1,1,1,1,0,1,0,IlxxxlI
786369563,21.5,3,1,0,0,1,0,0,1,38979
786369527,14.88,5,1,1,1,1,0,0,1,38979
786369518,0.5,5,0,0,0,0,0,0,0,IlxxxlI
786369488,0.5,3,0,0,0,0,0,0,0,IlxxxlI
786369469,7.0,4,0,0,0,1,0,0,1,IlxxxlI
786369395,1.25,5,0,0,0,1,0,0,1,IlxxxlI
786369348,2.85,3,1,1,0,1,0,0,1,caballeroXXX
786369338,12.35,5,1,0,0,1,0,0,1,Are
786369291,1.0,3,0,0,0,1,0,0,1,IlxxxlI
786369229,41.33,5,1,1,1,1,0,1,0,IlxxxlI
786369207,3.09,5,1,0,0,1,0,0,1,IlxxxlI
786369179,14.25,5,1,1,0,1,0,0,1,38979
786369153,2.5,5,0,0,0,1,0,0,1,IlxxxlI
786369095,18.05,5,1,1,0,1,0,0,1,Wollverin
786369094,1.25,5,0,0,0,1,0,0,1,meandkids
786369025,7.6,5,1,1,1,1,0,1,0,Cinch23
786369011,3.25,5,0,0,0,1,0,0,1,IlxxxlI
786368918,34.2,5,1,1,1,1,0,0,1,Cinch23
786368868,1.0,5,0,0,0,1,0,0,1,38979
786368847,11.4,4,1,1,0,1,0,0,1,meandkids
786368833,1.0,5,0,0,0,0,0,0,0,meandkids
786368687,2.0,5,0,0,0,0,0,0,0,Wollverin
786368649,25.84,5,1,1,1,1,0,1,0,Wollverin
786368638,7.37,5,1,1,1,1,0,1,0,meandkids
786368612,2.0,5,0,0,0,0,0,0,0,BBDub27
786368552,39.71,5,1,1,1,1,0,1,0,legenda99
786368543,1.0,2,0,0,0,1,0,0,1,IlxxxlI
786368534,43.93,6,1,1,1,1,0,1,0,38979
786368527,5.0,5,0,0,0,1,0,0,1,Wollverin
786368423,1.0,2,0,0,0,1,0,0,1,Cinch23
786368413,5.94,5,1,0,0,1,0,0,1,38979
786368391,8.0,6,0,0,0,1,0,0,1,38979
786368380,13.3,5,1,1,1,0,0,0,1,dscshift
786368370,5.0,5,0,0,0,1,0,0,1,Wollverin
786368334,2.0,4,0,0,0,0,0,0,0,Are
786368323,0.5,3,0,0,0,0,0,0,0,Cinch23
786368280,1.0,6,0,0,0,1,0,0,1,Goomashroom
786368226,2.5,6,0,0,0,1,0,0,1,meandkids
786368207,29.93,5,1,1,1,1,0,0,1,Goomashroom
786368181,1.0,6,0,0,0,0,0,0,0,Cinch23
786368172,5.0,5,0,0,0,1,0,0,1,Are
786368140,2.38,3,1,0,0,1,0,0,1,Goomashroom
786368095,1.25,5,0,0,0,1,0,0,1,caballeroXXX
786368076,2.5,6,0,0,0,1,0,0,1,Bhodisattva
786368072,25.01,6,1,1,1,1,0,1,0,meandkids
786368029,39.51,5,1,1,1,1,0,0,1,sheenius81
786368024,2.76,3,0,0,0,1,0,0,1,Cinch23
786367959,6.46,6,1,0,0,1,0,0,1,meandkids
786367918,9.5,5,1,0,0,1,0,0,1,dscshift
786367890,21.68,6,1,1,1,1,0,0,1,IlxxxlI
786367877,1.0,6,0,0,0,1,0,0,1,caballeroXXX
786367863,15.07,5,1,0,0,1,0,0,1,Are
786367847,2.5,6,0,0,0,1,0,0,1,Cinch23
786367735,14.25,5,1,1,0,1,0,0,1,38979
786367721,6.0,6,0,0,0,1,0,0,1,Bhodisattva
786367710,2.0,3,0,0,0,0,0,0,0,gfclbv
786367697,2.0,2,0,0,0,0,0,0,0,Orondi
786367693,16.15,5,1,0,0,1,0,0,1,meandkids
786367681,2.5,6,0,0,0,1,0,0,1,meandkids
786367656,7.6,4,1,0,0,1,0,0,1,sheenius81
786367651,28.36,6,1,1,1,1,0,1,0,meandkids
786367636,71.62,5,1,1,1,1,0,1,1,caballeroXXX
786367629,43.74,3,1,1,1,1,0,0,1,Goomashroom
786367626,2.0,4,0,0,0,0,0,0,0,sheenius81
786367586,18.0,4,0,0,0,1,0,0,1,Are
786367578,3.75,6,0,0,0,1,0,0,1,meandkids
786367575,0.5,3,0,0,0,0,0,0,0,Goomashroom
786367550,8.55,4,1,0,0,1,0,0,1,sheenius81
786367514,14.82,2,1,1,1,0,0,1,0,IlxxxlI
786367466,1.25,3,0,0,0,1,0,0,1,Goomashroom
786367424,196.36,5,1,1,1,1,0,1,0,38979
786367419,1.25,4,0,0,0,1,0,0,1,IlxxxlI
786367416,17.58,6,1,1,0,1,0,0,1,Cinch23
786367389,2.62,5,1,1,0,1,0,0,1,legenda99
786367349,6.0,5,0,0,0,1,0,0,1,brokenlucks
786367347,7.13,6,1,0,0,1,0,0,1,38979
786367306,8.55,4,1,1,1,1,0,1,0,Wollverin
786367249,2.38,4,1,1,0,1,0,0,1,IlxxxlI
786367241,4.0,4,0,0,0,1,0,0,1,brokenlucks
786367237,1.9,4,1,1,0,0,0,0,1,IlxxxlI
786367235,2.5,6,0,0,0,1,0,0,1,meandkids
786367211,41.92,6,1,1,1,1,0,0,1,Goomashroom
786367179,2.52,5,1,1,1,1,0,1,0,legenda99
786367174,12.0,4,0,0,0,1,0,0,1,sheenius81
786367165,1.25,4,0,0,0,1,0,0,1,Goomashroom
786367119,1.25,4,0,0,0,1,0,0,1,Goomashroom
786367112,9.0,4,0,0,0,1,0,0,1,38979
786367089,1.25,4,0,0,0,1,0,0,1,caballeroXXX
786367088,2.14,4,1,1,1,1,0,1,0,IlxxxlI
786367087,8.55,4,1,1,0,1,0,0,1,38979
786367078,0.95,5,1,0,0,0,0,0,1,Goomashroom
786367072,14.82,6,1,1,0,1,0,0,1,IlxxxlI
786367030,1.0,4,0,0,0,1,0,0,1,Cinch23
786367025,1.25,4,0,0,0,1,0,0,1,IlxxxlI
786367018,1.25,5,0,0,0,1,0,0,1,caballeroXXX
786366981,8.55,6,1,1,1,1,0,1,0,sheenius81
786366974,1.0,4,0,0,0,1,0,0,1,Goomashroom
786366962,1.0,5,0,0,0,1,0,0,1,caballeroXXX
786366937,2.62,4,1,0,0,1,0,0,1,Goomashroom
786366936,5.93,4,1,1,1,1,0,0,1,IlxxxlI
786366892,32.3,6,1,1,1,1,0,0,1,Cinch23
786366885,0.5,5,0,0,0,0,0,0,0,caballeroXXX
786366865,1.25,4,0,0,0,1,0,0,1,caballeroXXX
786366862,0.95,3,1,0,0,0,0,0,1,IlxxxlI
786366846,15.2,5,1,1,0,1,0,0,1,meandkids
786366816,11.02,6,1,1,0,1,0,0,1,sheenius81
786366813,1.25,5,0,0,0,1,0,0,1,DonkReaper
786366797,0.5,5,0,0,0,0,0,0,0,Goomashroom
786366782,1.25,6,0,0,0,1,0,0,1,meandkids
786366777,2.5,6,0,0,0,1,0,0,1,TranscendencE
786366769,0.5,3,0,0,0,0,0,0,0,IlxxxlI
786366751,0.5,5,0,0,0,0,0,0,0,legenda99
786366726,0.5,6,0,0,0,0,0,0,0,Goomashroom
786366714,1.25,5,0,0,0,1,0,0,1,Goomashroom
786366712,2.5,6,0,0,0,1,0,0,1,Bhodisattva
786366661,1.25,5,0,0,0,1,0,0,1,Goomashroom
786366650,2.5,5,0,0,0,1,0,0,1,TranscendencE
786366603,2.5,5,0,0,0,1,0,0,1,Bhodisattva
786366605,95.15,4,1,1,1,1,0,1,0,38979
786366601,10.76,5,1,1,1,0,0,0,1,Wollverin
786366563,11.25,6,0,0,0,1,0,0,1,caballeroXXX
786366547,1.25,5,0,0,0,1,0,0,1,RetardedGenius
786366515,9.98,5,1,0,0,1,0,0,1,lovecola
786366496,0.5,6,0,0,0,0,0,0,0,38979
786366484,236.0,6,1,1,1,1,0,1,0,gfclbv
786366460,11.4,5,1,1,0,1,0,0,1,38979
786366442,0.5,5,0,0,0,0,0,0,0,IlxxxlI
786366441,2.38,5,1,0,0,1,0,0,1,RetardedGenius
786366429,1.25,6,0,0,0,1,0,0,1,meandkids
786366421,3.09,5,1,1,1,1,0,0,1,caballeroXXX
786366373,1.25,5,0,0,0,1,0,0,1,IlxxxlI
786366367,5.0,5,0,0,0,1,0,0,1,BBDub27
786366364,8.55,6,1,1,1,1,0,1,0,sheenius81
786366314,1.25,5,0,0,0,1,0,0,1,DonkReaper
786366307,1.25,5,0,0,0,1,0,0,1,Goomashroom
786366284,2.39,6,1,0,0,1,0,0,1,Goomashroom
786366241,0.5,5,0,0,0,0,0,0,0,Goomashroom
786366191,13.64,5,1,1,1,0,0,1,0,allaebalaamballa
786366169,1.25,5,0,0,0,1,0,0,1,Goomashroom
786366162,78.0,6,1,1,1,1,0,1,0,sheenius81
786366138,19.95,6,1,1,1,1,0,1,0,Wollverin
786366119,1.0,5,0,0,0,1,0,0,1,IlxxxlI
786366114,15.03,5,1,1,1,1,0,1,0,legenda99
786366108,1.25,5,0,0,0,1,0,0,1,Goomashroom
786366032,158.0,6,1,1,1,1,0,1,0,gfclbv
786366031,1.25,5,0,0,0,1,0,0,1,lovecola
786366010,3.33,5,1,0,0,1,0,0,1,RetardedGenius
786365992,0.5,3,0,0,0,0,0,0,0,legenda99
786365939,1.25,5,0,0,0,1,0,0,1,IlxxxlI
786365913,17.59,5,1,1,1,1,0,1,1,caballeroXXX
786365909,2.0,6,0,0,0,0,0,0,0,Wollverin
786365873,1.25,5,0,0,0,1,0,0,1,Goomashroom
786365821,47.12,4,1,1,1,1,0,1,0,allaebalaamballa
786365819,1.25,6,0,0,0,1,0,0,1,DonkReaper
786365763,6.18,6,1,1,0,1,0,0,1,caballeroXXX
786365736,2.85,5,1,0,0,1,0,0,1,Goomashroom
786365723,44.65,6,1,1,1,1,0,1,0,meandkids
786365681,1.25,6,0,0,0,1,0,0,1,legenda99
786365640,1.25,5,0,0,0,1,0,0,1,38979
786365613,5.0,6,0,0,0,1,0,0,1,BBDub27
786365601,1.25,6,0,0,0,1,0,0,1,Goomashroom
786365583,0.5,4,0,0,0,0,0,0,0,IlxxxlI
786365582,45.71,6,1,1,1,1,0,1,0,in_ur_i
786365556,0.5,4,0,0,0,0,0,0,0,38979
786365508,1.25,6,0,0,0,1,0,0,1,caballeroXXX
786365480,2.38,4,1,0,0,1,0,0,1,allaebalaamballa
786365472,5.0,6,0,0,0,1,0,0,1,meandkids
786365448,3.09,6,1,0,0,1,0,0,1,legenda99
786365418,1.25,5,0,0,0,0,0,0,0,RetardedGenius
786365369,13.3,6,1,0,0,1,0,0,1,gfclbv
786365367,1.25,6,0,0,0,1,0,0,1,IlxxxlI
786365348,1.25,5,0,0,0,1,0,0,1,allaebalaamballa
786365309,15.2,5,1,1,0,1,0,0,1,allaebalaamballa
786365275,1.25,5,0,0,0,1,0,0,1,RetardedGenius
786365250,15.68,6,1,1,1,1,0,1,0,DonkReaper
786365174,8.0,5,0,0,0,1,0,0,1,meandkids
786365144,3.33,5,1,0,0,1,0,0,1,RetardedGenius
786365092,7.37,6,1,1,1,1,0,1,1,in_ur_i
786365060,4.0,5,0,0,0,0,0,0,0,BBDub27
786365041,8.3,5,1,1,1,1,0,1,0,legenda99
786365009,1.43,5,1,0,0,0,0,0,1,IlxxxlI
786364993,1.25,5,0,0,0,1,0,0,1,Goomashroom
786364928,19.72,6,1,0,0,1,0,0,1,DonkReaper
786364918,11.4,6,1,0,0,1,0,0,1,38979
786364893,1.25,6,0,0,0,1,0,0,1,legenda99
786364871,5.0,5,0,0,0,1,0,0,1,Wollverin
786364800,23.42,6,1,1,1,1,0,1,0,RetardedGenius
786364797,29.07,5,1,1,1,1,0,1,0,shureg22
786364790,1.0,5,0,0,0,1,0,0,1,lovecola
786364775,2.38,6,1,1,0,1,0,0,1,IlxxxlI
786364734,1.25,5,0,0,0,1,0,0,1,allaebalaamballa
786364710,1.25,6,0,0,0,1,0,0,1,legenda99
786364681,2.14,5,1,0,0,1,0,0,1,legenda99
786364683,2.14,6,1,1,0,1,0,0,1,IlxxxlI
786364642,3.75,5,0,0,0,1,0,0,1,legenda99
786364604,1.0,6,0,0,0,1,0,0,1,legenda99
786364559,11.7,6,1,1,1,1,0,1,0,tintinhsl
786364462,102.63,6,1,1,1,1,0,1,0,in_ur_i
786364395,4.85,6,1,0,0,1,0,0,1,legenda99
786364349,7.63,6,1,0,0,1,0,0,1,IlxxxlI
786364335,4.18,6,1,1,1,1,0,0,1,legenda99
786364297,111.24,6,1,1,1,1,0,1,0,flyzlcomb07
786364273,0.5,6,0,0,0,0,0,0,0,DonkReaper
786364159,0.5,6,0,0,0,0,0,0,0,caballeroXXX
786363985,100.43,5,1,1,1,1,0,1,0,legenda99
786363968,8.09,6,1,1,1,1,0,0,1,in_ur_i
786363962,5.56,6,1,0,0,1,0,0,1,6betThreat
786363961,1.25,6,0,0,0,1,0,0,1,caballeroXXX
786363885,1.25,5,0,0,0,1,0,0,1,meandkids
786363761,7.55,6,1,1,1,1,0,1,0,flyzlcomb07
786363753,5.09,6,0,0,0,1,0,0,1,Goomashroom
786363715,4.52,6,1,1,0,1,0,0,1,RetardedGenius
786363708,2.14,5,1,1,1,1,0,1,0,IlxxxlI
786363666,9.03,5,1,1,1,1,0,0,1,Goomashroom
786363651,2.76,5,0,0,0,1,0,0,1,lovecola
786363640,11.92,5,1,1,1,1,0,1,1,6betThreat
786363609,2.14,6,1,0,0,1,0,0,1,RetardedGenius
786363565,1.25,5,0,0,0,1,0,0,1,legenda99
786363478,0.5,5,0,0,0,0,0,0,0,Goomashroom
786363445,9.98,5,1,0,0,1,0,0,1,legenda99
786363442,7.37,5,1,1,1,1,0,1,0,caballeroXXX
786363428,1.25,5,0,0,0,1,0,0,1,IlxxxlI
786363383,42.52,5,1,1,1,1,0,1,0,IlxxxlI
786363380,0.5,5,0,0,0,0,0,0,0,IlxxxlI
786363181,3.09,5,1,1,0,1,0,0,1,legenda99
786363148,39.9,5,1,1,1,1,0,1,0,allaebalaamballa
786363118,13.07,5,1,1,1,1,0,1,0,IlxxxlI
786363092,112.21,5,1,1,1,1,0,1,0,legenda99
786362999,2.39,5,1,0,0,1,0,0,1,Goomashroom
786362896,5.44,5,1,1,1,1,0,1,0,IlxxxlI
786362877,7.13,5,1,0,0,1,0,0,1,6betThreat
786362821,13.3,6,1,1,1,1,0,1,0,Goomashroom
786362734,3.57,5,1,0,0,1,0,0,1,DonkReaper
786362695,1.25,6,0,0,0,1,0,0,1,IlxxxlI
786362661,21.65,6,1,1,1,1,0,1,0,flyzlcomb07
786362616,1.25,5,0,0,0,1,0,0,1,DonkReaper
786362570,0.95,6,1,0,0,0,0,0,1,IlxxxlI
786362520,1.0,5,0,0,0,1,0,0,1,legenda99
786362476,0.5,5,0,0,0,0,0,0,0,legenda99
786362452,2.14,6,1,0,0,1,0,0,1,38979
786362424,1.25,5,0,0,0,1,0,0,1,legenda99
786362347,1.25,5,0,0,0,1,0,0,1,Goomashroom
786362316,18.33,6,1,1,1,1,0,1,0,legenda99
786362146,6.95,5,1,1,0,1,0,0,1,DonkReaper
786362070,3.09,6,1,1,0,1,0,0,1,6betThreat
786361848,14.69,6,1,1,1,1,0,1,0,in_ur_i
786361579,44.18,6,1,1,0,1,0,0,1,legenda99
786361457,1.25,5,0,0,0,1,0,0,1,Goomashroom
786361269,12.38,6,1,0,0,1,0,0,1,flyzlcomb07
786361124,3.09,5,1,1,0,1,0,0,1,caballeroXXX
786361111,4.52,6,1,0,0,1,0,0,1,flyzlcomb07
786360712,14.41,7,1,1,1,1,0,1,0,6betThreat
786360667,9.27,5,1,1,0,1,0,0,1,DonkReaper
786360637,0.5,7,0,0,0,0,0,0,0,IlxxxlI
786360507,25.65,5,1,1,1,1,0,0,1,JJaromir
786360313,25.65,5,1,1,0,1,0,0,1,IlxxxlI
786360141,5.0,5,0,0,0,1,0,0,1,JJaromir
786360052,5.0,4,0,0,0,1,0,0,1,JJaromir
786359865,19.0,4,1,1,1,0,0,1,0,IlxxxlI
786359208,2.14,6,1,1,0,1,0,0,1,IlxxxlI
786359124,0.5,6,0,0,0,0,0,0,0,caballeroXXX
786358874,0.5,6,0,0,0,0,0,0,0,IWantYourChips
786358771,37.39,6,1,1,1,1,0,1,0,IlxxxlI
786358762,3.5,5,0,0,0,1,0,0,1,Goomashroom
786358687,1.25,6,0,0,0,1,0,0,1,ILiK3PaStA
786358587,3.75,5,0,0,0,1,0,0,1,38979
786358573,1.25,5,0,0,0,1,0,0,1,caballeroXXX
786358493,1.25,5,0,0,0,1,0,0,1,caballeroXXX
786358418,1.25,5,0,0,0,1,0,0,1,Goomashroom
786358381,0.5,4,0,0,0,0,0,0,0,caballeroXXX
786358369,8.61,6,1,1,1,1,0,1,0,38979
786358277,1.25,4,0,0,0,1,0,0,1,BoTPuMHeDichBro
786358258,0.5,5,0,0,0,0,0,0,0,Goomashroom
786358216,41.83,6,1,1,1,1,0,1,0,IlxxxlI
786358126,1.25,5,0,0,0,1,0,0,1,IlxxxlI
786357966,2.14,5,1,0,0,1,0,0,1,IlxxxlI
786357917,0.5,5,0,0,0,0,0,0,0,legenda99
786357841,1.25,5,0,0,0,1,0,0,1,legenda99
786357825,41.24,5,1,1,1,1,0,1,0,BoTPuMHeDichBro
786357743,1.25,5,0,0,0,1,0,0,1,SenNoSen
786357586,16.29,6,1,1,0,1,0,0,1,SenNoSen
786357487,10.55,5,1,1,1,1,0,0,1,Goomashroom
786357452,1.25,6,0,0,0,1,0,0,1,eu4ria
786357418,3.5,5,0,0,0,1,0,0,1,eu4ria
786357362,1.25,5,0,0,0,1,0,0,1,Goomashroom
786357361,1.25,6,0,0,0,1,0,0,1,SenNoSen
786357290,0.5,6,0,0,0,0,0,0,0,legenda99
786357172,1.25,6,0,0,0,1,0,0,1,eu4ria
786357099,1.25,6,0,0,0,1,0,0,1,legenda99
786357049,32.88,5,1,1,1,1,0,1,1,SenNoSen
786356976,0.5,5,0,0,0,0,0,0,0,IlxxxlI
786356811,1.19,5,1,0,0,0,0,1,0,Smok5
786356798,111.56,6,1,1,1,1,0,1,0,eu4ria
786356698,1.25,6,0,0,0,1,0,0,1,eu4ria
786356669,1.25,6,0,0,0,1,0,0,1,SenNoSen
786356632,2.85,5,1,0,0,1,0,0,1,eu4ria
786356581,1.25,6,0,0,0,1,0,0,1,eu4ria
786356521,2.85,5,1,0,0,1,0,0,1,eu4ria
786356444,1.25,5,0,0,0,1,0,0,1,SenNoSen
786356400,6.42,6,1,1,1,1,0,0,1,legenda99
786356324,1.25,6,0,0,0,1,0,0,1,SenNoSen
786356294,11.4,3,1,1,0,1,0,0,1,IlxxxlI
786356284,0.95,5,1,0,0,0,0,0,1,IlxxxlI
786356277,2.0,3,0,0,0,0,0,0,0,JJaromir
786356260,2.0,4,0,0,0,0,0,0,0,IlxxxlI
786356221,0.5,6,0,0,0,0,0,0,0,eu4ria
786356219,2.0,5,0,0,0,0,0,0,0,Popka1337
786356144,2.85,6,1,0,0,1,0,0,1,Goomashroom
786356102,3.8,6,1,0,0,0,0,0,1,JJaromir
786356051,7.13,5,1,1,1,0,0,1,0,Goomashroom
786356021,2.39,6,1,1,0,1,0,0,1,Goomashroom
786356008,14.0,6,0,0,0,1,0,0,1,DonCesarGrinder
786355959,1.0,5,0,0,0,1,0,0,1,SenNoSen
786355894,1.25,4,0,0,0,1,0,0,1,IlxxxlI
786355843,9.0,6,0,0,0,1,0,0,1,DonCesarGrinder
786355836,4.52,6,1,1,0,1,0,0,1,eu4ria
786355807,0.5,4,0,0,0,0,0,1,0,Smok5
786355767,1.0,5,0,0,0,1,0,0,1,Goomashroom
786355670,8.55,6,1,0,0,1,0,0,1,IlxxxlI
786355657,1.67,4,1,0,0,0,0,0,1,IlxxxlI
786355640,5.47,5,1,0,0,1,0,0,1,SenNoSen
786355622,5.0,5,0,0,0,1,0,0,1,KingGuciGuci
786355601,1.25,4,0,0,0,1,0,0,1,eu4ria
786355552,0.5,5,0,0,0,0,0,0,0,IlxxxlI
786355488,6.46,5,1,1,1,1,0,1,0,SenNoSen
786355452,0.5,5,0,0,0,0,0,0,0,SenNoSen
786355403,12.35,5,1,1,0,1,0,0,1,IlxxxlI
786355399,1.25,5,0,0,0,1,0,0,1,SenNoSen
786355174,7.55,5,1,1,0,1,0,0,1,BoTPuMHeDichBro
786355168,4.74,6,1,1,0,1,0,0,1,Goomashroom
786355153,26.13,5,1,1,0,1,0,0,1,DonCesarGrinder
786355094,1.25,5,0,0,0,1,0,0,1,IlxxxlI
786355054,24.3,5,0,0,0,1,0,0,1,DonCesarGrinder
786355008,3.09,6,1,1,0,1,0,0,1,IlxxxlI
786354979,1.25,5,0,0,0,1,0,0,1,IlxxxlI
786354807,2.38,5,1,1,0,1,0,0,1,BoTPuMHeDichBro
786354804,102.2,6,1,1,1,1,0,1,0,Goomashroom
786354751,1.25,6,0,0,0,1,0,0,1,IlxxxlI
786354677,98.0,5,1,1,1,1,0,1,0,bunchy
786354675,2.52,6,1,0,0,1,0,0,1,IlxxxlI
786354647,9.27,5,1,1,1,1,0,1,0,Smok5
786354621,5.0,5,0,0,0,1,0,0,1,KingGuciGuci
786354568,1.25,5,0,0,0,1,0,0,1,BoTPuMHeDichBro
786354561,5.0,5,0,0,0,1,0,0,1,IlxxxlI
786354521,36.82,6,1,1,1,1,0,1,0,GreinSeint
786354501,1.25,5,0,0,0,1,0,0,1,IlxxxlI
786354463,7.6,5,1,0,0,1,0,0,1,KingGuciGuci
786354425,1.0,5,0,0,0,1,0,0,1,eu4ria
786354362,1.25,6,0,0,0,1,0,0,1,eu4ria
786354343,1.25,5,0,0,0,1,0,0,1,IlxxxlI
786354232,2.14,5,1,0,0,1,0,0,1,SenNoSen
786354208,4.44,6,1,1,1,1,0,1,0,IlxxxlI
786354187,1.25,5,0,0,0,1,0,0,1,SenNoSen
786354061,17.85,6,1,1,0,1,0,0,1,IlxxxlI
786353988,3.09,5,1,1,1,0,0,1,1,Hakuna_Matata777
786353937,215.18,6,1,1,1,1,0,1,0,DonCesarGrinder
786353896,3.71,6,1,1,1,0,0,1,0,wethco
786353834,0.95,5,1,0,0,0,0,0,1,SenNoSen
786353825,13.3,6,1,0,0,1,0,0,1,JJaromir
786353810,1.25,6,0,0,0,1,0,0,1,eu4ria
786353762,0.5,5,0,0,0,0,0,0,0,Smok5
786353749,5.0,6,0,0,0,1,0,0,1,JJaromir
786353700,3.5,6,0,0,0,1,0,0,1,Goomashroom
786353643,15.0,6,0,0,0,1,0,0,1,KingGuciGuci
786353636,1.25,6,0,0,0,1,0,0,1,GreinSeint
786353615,1.25,5,0,0,0,1,0,0,1,Hakuna_Matata777
786353546,0.5,5,0,0,0,0,0,0,0,BoTPuMHeDichBro
786353545,3.0,6,0,0,0,1,0,0,1,IlxxxlI
786353527,3.8,6,1,0,0,0,0,0,1,JJaromir
786353504,0.5,5,0,0,0,0,0,0,0,IlxxxlI
786353484,0.5,6,0,0,0,0,0,0,0,eu4ria
786353458,5.0,6,0,0,0,1,0,0,1,DonCesarGrinder
786353403,2.0,6,0,0,0,0,0,0,0,IlxxxlI
786353374,2.85,6,1,0,0,1,0,0,1,Goomashroom
786353317,41.71,5,1,1,1,1,0,1,0,Smok5
786353313,1.25,6,0,0,0,1,0,0,1,SenNoSen
786353228,1.25,6,0,0,0,1,0,0,1,eu4ria
786353172,1.25,5,0,0,0,1,0,0,1,eu4ria
786353146,1.25,5,0,0,0,1,0,0,1,eu4ria
786353110,0.5,5,0,0,0,0,0,0,0,Smok5
786353068,3.0,5,0,0,0,1,0,0,1,IlxxxlI
786353032,1.25,5,0,0,0,1,0,0,1,IlxxxlI
786352981,3.0,5,0,0,0,1,0,0,1,eu4ria
786352902,1.25,5,0,0,0,1,0,0,1,eu4ria
786352900,1.25,5,0,0,0,1,0,0,1,eu4ria
786352784,1.75,5,0,0,0,1,0,0,1,SenNoSen
786352728,3.09,6,1,1,1,1,0,1,0,wethco
786352644,1.25,6,0,0,0,1,0,0,1,eu4ria
786352544,2.25,5,0,0,0,1,0,0,1,IlxxxlI
786352534,3.57,5,1,1,1,1,0,1,0,BoTPuMHeDichBro
786352461,1.0,5,0,0,0,1,0,0,1,SenNoSen
786352397,1.25,5,0,0,0,1,0,0,1,IlxxxlI
786352383,1.25,5,0,0,0,1,0,0,1,BoTPuMHeDichBro
786352305,0.5,5,0,0,0,0,0,0,0,Smok5
786352098,35.78,6,1,1,1,1,0,1,0,wethco
786351971,21.38,5,1,1,1,1,0,1,0,BoTPuMHeDichBro
786351940,5.44,6,1,1,0,1,0,0,1,SenNoSen
786351646,0.5,4,0,0,0,0,0,0,0,eu4ria
786351623,3.33,5,1,1,1,1,0,1,0,IlxxxlI
786351613,18.29,6,1,1,1,1,0,1,0,SenNoSen
786351552,1.25,5,0,0,0,1,0,0,1,BoTPuMHeDichBro
786351520,1.25,6,0,0,0,1,0,0,1,Hakuna_Matata777
786351319,4.25,6,1,1,1,1,0,1,0,eu4ria
786351279,1.25,5,0,0,0,1,0,0,1,Hakuna_Matata777
786351192,1.25,5,0,0,0,1,0,0,1,BoTPuMHeDichBro
786351115,1.0,5,0,0,0,1,0,0,1,eu4ria
786351114,1.19,6,1,1,1,0,0,0,1,SenNoSen
786350940,1.9,5,1,0,0,1,0,0,1,BoTPuMHeDichBro
786350925,4.28,6,1,0,0,1,0,0,1,Hakuna_Matata777
786350913,5.47,5,1,1,0,1,0,0,1,IlxxxlI
786350818,1.25,5,0,0,0,1,0,0,1,eu4ria
786350754,0.5,5,0,0,0,0,0,0,0,IlxxxlI
786350684,1.25,5,0,0,0,1,0,0,1,eu4ria
786350669,7.73,6,1,1,1,1,0,1,0,wethco
786350602,1.25,4,0,0,0,1,0,0,1,BoTPuMHeDichBro
786350535,0.5,4,0,0,0,0,0,0,0,Smok5
786350448,1.25,4,0,0,0,1,0,0,1,IlxxxlI
786350432,7.36,5,1,0,0,1,0,0,1,dscshift
786350263,1.19,5,1,1,0,0,0,0,1,dscshift
786350221,1.19,4,1,1,0,0,0,0,1,BoTPuMHeDichBro
786350106,2.62,5,1,1,0,1,0,0,1,dscshift
786349972,1.19,5,1,1,1,0,0,1,0,dscshift
786349919,4.73,5,1,1,1,1,0,0,1,Smok5
786349898,1.25,6,0,0,0,1,0,0,1,eu4ria
786349847,1.25,5,0,0,0,1,0,0,1,BoTPuMHeDichBro
786349647,3.09,5,1,0,0,1,0,0,1,BoTPuMHeDichBro
786349646,5.47,6,1,0,0,1,0,0,1,SenNoSen
786349529,0.5,5,0,0,0,0,0,0,0,eu4ria
786349509,16.87,8,1,1,1,1,0,0,1,1jackoff1
786349459,7.13,6,1,0,0,1,0,0,1,eu4ria
786349315,1.19,5,1,1,1,0,0,0,1,Smok5
786349267,2.71,6,1,1,1,0,0,1,0,dscshift
786349225,1.25,4,0,0,0,1,0,0,1,SenNoSen
786349127,9.74,8,1,0,0,1,0,0,1,1jackoff1
786349072,10.53,6,1,1,1,1,0,1,0,wethco
786349065,1.25,7,0,0,0,1,0,0,1,smellskindyfishy
786348995,1.25,6,0,0,0,1,0,0,1,eu4ria
786348939,1.67,7,1,0,0,0,0,0,1,1jackoff1
786348933,5.23,4,1,1,0,1,0,0,1,SenNoSen
786348915,1.25,6,0,0,0,1,0,0,1,IlxxxlI
786348853,0.5,6,0,0,0,0,0,0,0,dscshift
786348807,0.5,6,0,0,0,0,0,0,0,IlxxxlI
786348800,3.09,4,1,0,0,1,0,0,1,pokanaktus
786348798,3.33,7,1,0,0,1,0,0,1,NoizeyCrckt
786348751,1.25,4,0,0,0,1,0,0,1,SenNoSen
786348748,1.25,6,0,0,0,1,0,0,1,pokanaktus
786348658,1.25,6,0,0,0,1,0,0,1,pokanaktus
786348608,1.0,6,0,0,0,1,0,0,1,pokanaktus
786348604,5.94,7,1,1,0,1,0,0,1,1jackoff1
786348581,6.02,5,1,1,1,1,0,1,0,eu4ria
786348532,1.25,6,0,0,0,1,0,0,1,SenNoSen
786348424,1.19,5,1,0,0,0,0,0,1,Smok5
786348399,2.14,6,1,0,0,1,0,0,1,SenNoSen
786348327,1.25,5,0,0,0,1,0,0,1,eu4ria
786348322,94.76,7,1,1,1,1,0,1,0,Ms
786348162,7.37,6,1,1,1,1,0,1,1,dscshift
786348066,5.7,5,1,1,1,1,0,1,0,Smok5
786347992,5.47,6,1,1,0,1,0,0,1,eu4ria
786347951,0.5,6,0,0,0,0,0,0,0,SenNoSen
786347934,3.75,5,0,0,0,1,0,0,1,pokanaktus
786347931,32.31,7,1,1,1,1,0,1,0,Ms
786347864,1.25,6,0,0,0,1,0,0,1,IlxxxlI
786347842,0.5,5,0,0,0,0,0,0,0,eu4ria
786347757,0.95,6,1,0,0,0,0,0,1,dscshift
786347648,2.38,6,1,0,0,1,0,0,1,IlxxxlI
786347596,3.09,5,1,1,0,1,0,0,1,BoTPuMHeDichBro
786347569,4.28,7,1,1,0,0,0,0,1,1jackoff1
786347522,2.14,6,1,0,0,1,0,0,1,SenNoSen
786347394,4.04,6,1,1,0,1,0,0,1,dscshift
786347359,27.79,7,1,1,1,1,0,1,0,1jackoff1
786347294,1.25,6,0,0,0,1,0,0,1,IlxxxlI
786347174,1.25,6,0,0,0,1,0,0,1,eu4ria
786347138,4.66,5,1,1,1,1,0,1,0,SenNoSen
786347086,1.0,6,0,0,0,1,0,0,1,pokanaktus
786347068,52.51,7,1,1,1,1,0,1,0,Ease
786347041,1.25,5,0,0,0,1,0,0,1,eu4ria
786346911,2.14,6,1,1,1,0,0,0,1,dscshift
786346848,6.0,7,0,0,0,1,0,0,1,Hakuna_Matata777
786346773,4.99,6,1,1,1,1,0,1,1,SenNoSen
786346766,2.38,5,1,1,0,1,0,0,1,eu4ria
786346729,1.25,5,0,0,0,1,0,0,1,IlxxxlI
786346690,1.0,5,0,0,0,1,0,0,1,SenNoSen
786346665,1.5,6,0,0,0,1,0,0,1,BoTPuMHeDichBro
786346599,25.42,7,1,1,1,1,0,1,0,1jackoff1
786346566,1.25,6,0,0,0,1,0,0,1,pokanaktus
786346502,3.09,5,1,1,0,1,0,0,1,pokanaktus
786346445,1.25,6,0,0,0,1,0,0,1,eu4ria
786346441,8.08,7,1,0,0,1,0,0,1,1jackoff1
786346398,1.0,5,0,0,0,1,0,0,1,pokanaktus
786346381,38.24,5,1,1,1,1,0,1,0,IlxxxlI
786346309,0.95,6,1,0,0,0,0,0,1,BoTPuMHeDichBro
786346310,1.25,6,0,0,0,1,0,0,1,eu4ria
786346234,1.25,6,0,0,0,1,0,0,1,pingpong420
786346208,1.25,5,0,0,0,1,0,0,1,eu4ria
786346171,1.25,6,0,0,0,1,0,0,1,pokanaktus
786346169,6.42,7,1,1,0,1,0,0,1,1jackoff1
786346119,3.75,6,0,0,0,1,0,0,1,pokanaktus
786346093,0.5,6,0,0,0,0,0,0,0,eu4ria
786345975,2.0,2,0,0,0,1,0,0,1,SenNoSen
786345959,1.9,6,1,0,0,0,0,0,1,rpportugal
786345923,44.65,5,1,1,0,1,0,0,1,DonkReaper
786345828,1.67,6,1,0,0,0,0,0,1,1jackoff1
786345809,3.25,6,0,0,0,1,0,0,1,eu4ria
786345799,11.64,6,1,1,1,1,0,1,0,IlxxxlI
786345735,6.89,6,1,1,1,1,0,0,1,eu4ria
786345723,3.8,3,1,0,0,1,0,0,1,IlxxxlI
786345691,1.25,6,0,0,0,1,0,0,1,sucazappa
786345621,0.5,6,0,0,0,0,0,0,0,wethco
786345576,21.62,6,1,1,1,1,0,1,0,JoJoLoring
786345573,2.5,3,0,0,0,1,0,0,1,IlxxxlI
786345545,1.25,6,0,0,0,1,0,0,1,IlxxxlI
786345508,13.31,7,1,1,1,1,0,1,0,frenzybarb
786345503,3.5,6,0,0,0,1,0,0,1,sucazappa
786345475,1.25,5,0,0,0,1,0,0,1,IlxxxlI
786345468,5.7,4,1,1,0,1,0,0,1,CrimZnole
786345459,1.25,6,0,0,0,1,0,0,1,pokanaktus
786345418,2.5,4,0,0,0,1,0,0,1,plin777
786345378,1.0,5,0,0,0,0,0,0,0,SenNoSen
786345306,15.68,7,1,1,1,1,0,1,1,1jackoff1
786345304,2.85,4,1,0,0,1,0,0,1,BoTPuMHeDichBro
786345247,7.9,6,1,1,1,1,0,1,0,IlxxxlI
786345179,1.0,4,0,0,0,1,0,0,1,eu4ria
786345150,7.51,5,1,1,1,1,0,0,1,CrimZnole
786345107,1.25,4,0,0,0,1,0,0,1,pokanaktus
786345074,1.9,8,1,1,0,0,0,0,1,1jackoff1
786345073,1.9,5,1,0,0,0,0,0,1,IlxxxlI
786344842,11.24,8,1,1,1,1,0,1,0,1jackoff1
786344620,49.23,7,1,1,0,1,0,0,1,haroldbb
786344489,15.92,7,1,1,1,1,0,1,0,haroldbb
786344269,1.19,8,1,1,0,0,0,0,1,1jackoff1
786344089,2.14,7,1,0,0,0,0,0,1,1jackoff1
786343846,1.67,7,1,1,1,0,0,1,0,JoJoLoring
786343689,1.25,7,0,0,0,0,0,0,0,rpportugal
786343522,3.8,7,1,1,1,1,0,0,1,1jackoff1
786343242,10.09,7,1,0,0,1,0,0,1,1jackoff1
781111876,0.5,8,0,0,0,0,0,0,0,HorsePussy
781111301,6.95,8,1,1,1,1,0,1,0,texaswarthog
781110707,3.57,7,1,0,0,1,0,0,1,IlxxxlI
781110231,15.81,7,1,1,1,1,0,1,0,texaswarthog
781109815,5.25,8,0,0,0,1,0,0,1,IlxxxlI
781108853,8.54,9,1,1,1,0,0,1,0,Chipburnner
781108258,8.79,9,1,1,0,1,0,0,1,Chipburnner
781107650,36.34,9,1,1,1,1,0,1,0,GagaPoker
781107058,50.45,9,1,1,1,1,0,1,0,texaswarthog
781106735,6.0,8,0,0,0,1,0,0,1,FirstClan
781106525,1.25,8,0,0,0,1,0,0,1,IlxxxlI
781105821,3.33,8,1,1,1,0,0,1,0,texaswarthog
781105213,14.36,8,1,1,1,1,0,1,0,Chipburnner
781104509,6.18,8,1,1,0,1,0,0,1,Chipburnner
781103656,33.05,7,1,1,1,1,0,0,1,ACESOVAKINGZ
781103449,3.0,7,0,0,0,1,0,0,1,IlxxxlI
781102925,4.27,8,1,1,0,1,0,0,1,texaswarthog
781102405,2.5,8,0,0,0,1,0,0,1,Parcker
781101552,3.33,8,1,1,0,1,0,0,1,imperceptible
781101001,1.43,8,1,0,0,0,0,0,1,ACESOVAKINGZ
781100596,1.43,8,1,0,0,0,0,0,1,texaswarthog
781100138,1.43,9,1,0,0,0,0,0,1,GagaPoker
781099851,8.1,9,0,0,0,1,0,0,1,Spagetti1
781099481,1.25,9,0,0,0,1,0,0,1,MaxWoof
781098742,40.97,9,1,1,1,1,0,1,0,texaswarthog
781098416,4.25,9,0,0,0,1,0,0,1,Chipburnner
781097923,2.0,9,0,0,0,1,0,0,1,Chipburnner
781096803,32.59,8,1,1,1,1,0,0,1,GagaPoker
781096248,3.09,8,1,1,1,1,0,0,1,Chipburnner
781095677,18.89,8,1,1,1,1,0,0,1,ACESOVAKINGZ
781095312,1.0,8,0,0,0,1,0,0,1,GagaPoker
781094641,8.32,8,1,1,1,1,0,0,1,imperceptible
781094527,1.0,7,0,0,0,1,0,0,1,Spagetti1
781030542,1.25,9,0,0,0,1,0,0,1,Parcker
781028918,36.59,9,1,1,1,1,0,0,1,FirstClan
781027648,49.88,9,1,1,1,1,0,1,0,ChrisNola
781027085,1.25,9,0,0,0,1,0,0,1,kidsquid
781024608,6.18,9,1,1,1,1,0,1,0,sr86
781023863,1.25,9,0,0,0,1,0,0,1,Parcker
781023243,3.75,9,0,0,0,1,0,0,1,FirstClan
781022238,13.54,9,1,1,1,1,0,1,0,kidsquid
781013978,1.25,9,0,0,0,1,0,0,1,Spagetti1
781012681,3.09,9,1,1,1,0,0,1,0,kidsquid
781011559,9.15,9,1,1,1,1,0,0,1,IlxxxlI
781011061,0.95,9,1,1,0,0,0,0,1,ChrisNola
781009930,2.15,9,1,1,0,0,0,0,1,parmele
781009504,1.0,9,0,0,0,1,0,0,1,Spagetti1
781008353,1.67,9,1,1,0,0,0,0,1,FirstClan
781007267,5.47,9,1,1,1,1,0,1,0,Parcker
781006111,4.99,8,1,1,1,1,0,0,1,ChrisNola
781005018,5.7,8,1,1,1,0,0,1,0,hotshothotgg
781004415,3.09,8,1,0,0,1,0,0,1,Spagetti1
781003752,3.57,9,1,0,0,1,0,0,1,hotshothotgg
781003312,1.25,9,0,0,0,1,0,0,1,hotshothotgg
781002098,6.48,9,1,1,0,1,0,0,1,FirstClan
781000863,1.19,8,1,1,1,0,0,1,0,hotshothotgg
781000094,4.27,8,1,1,1,1,0,1,0,ChrisNola
780999629,1.0,8,0,0,0,1,0,0,1,haroldbb
780998683,4.5,8,0,0,0,1,0,0,1,haroldbb
780997753,4.04,8,1,0,0,1,0,0,1,haroldbb
780996790,2.38,8,1,0,0,1,0,0,1,sr86
780995843,46.88,9,1,1,1,1,0,1,0,sr86
780994837,14.57,9,1,1,1,1,0,0,1,haroldbb
780993211,7.37,9,1,1,0,1,0,0,1,hotshothotgg
780992426,24.14,9,1,1,1,1,0,1,0,ChrisNola
780991009,4.52,9,1,1,0,1,0,0,1,IlxxxlI
780989555,21.53,9,1,1,1,0,0,1,0,FirstClan
780988859,2.5,9,0,0,0,1,0,0,1,Parcker
780987640,4.75,9,1,1,0,1,0,0,1,sr86
780985996,12.66,7,1,1,1,1,0,0,1,parmele
780985261,1.25,8,0,0,0,1,0,0,1,IlxxxlI
780983732,1.9,8,1,1,1,0,0,1,0,IlxxxlI
780982869,2.25,7,0,0,0,1,0,0,1,FirstClan
780981764,5.47,7,1,0,0,1,0,0,1,ChrisNola
780981280,1.25,6,0,0,0,1,0,0,1,parmele
780980695,1.19,5,1,0,0,0,0,0,1,FirstClan
780980107,1.25,7,0,0,0,1,0,0,1,sr86
780978311,14.97,8,1,1,1,1,0,1,0,parmele
780977570,2.62,8,1,0,0,0,0,0,1,Brucelegend
780976758,4.99,9,1,1,1,1,0,1,0,parmele
780976677,17.58,7,1,1,1,1,0,1,0,sr86
780975201,29.22,7,1,1,1,1,0,1,1,VegasMike420
780974775,15.3,9,1,1,1,1,0,0,1,WICHONSKI
780974518,0.5,9,0,0,0,0,0,0,0,iflopznuts
780974330,3.09,7,1,0,0,1,0,0,1,FirstClan
780973941,1.25,8,0,0,0,1,0,0,1,WICHONSKI
780973615,1.25,7,0,0,0,1,0,0,1,VegasMike420
780973316,3.57,8,1,0,0,1,0,0,1,WICHONSKI
780972216,3.09,8,1,1,1,1,0,0,1,IlxxxlI
780971993,21.01,7,1,1,1,1,0,0,1,BBDub27
780970949,27.05,8,1,1,1,1,0,1,0,Brucelegend
780970070,90.47,8,1,1,1,1,0,1,0,sr86
780969860,4.99,8,1,0,0,1,0,0,1,WICHONSKI
780969085,1.25,7,0,0,0,1,0,0,1,WICHONSKI
780968532,1.25,8,0,0,0,1,0,0,1,Brucelegend
780968258,3.09,8,1,1,1,1,0,1,0,IlxxxlI
780967776,2.14,8,1,0,0,1,0,0,1,Brucelegend
780966706,2.62,8,1,1,0,1,0,0,1,sr86
780966558,10.24,8,1,1,1,1,0,1,0,IlxxxlI
780965004,4.99,9,1,1,1,1,0,1,0,parmele
780964624,0.5,9,0,0,0,0,0,0,0,WICHONSKI
780964586,6.18,8,1,1,0,1,0,0,1,FirstClan
780963732,3.25,7,0,0,0,1,0,0,1,sr86
780963285,0.5,6,0,0,0,0,0,0,0,BBDub27
780962732,14.97,9,1,1,1,1,0,0,1,ChrisNola
780962360,1.19,6,1,1,0,0,0,0,1,VegasMike420
780960942,20.67,9,1,1,1,1,0,1,0,IlxxxlI
780960674,16.7,6,1,1,1,1,0,1,0,BBDub27
780959614,9.03,9,1,1,1,1,0,1,0,iflopznuts
780959260,14.04,6,1,1,1,1,0,1,0,IlxxxlI
780958870,1.25,8,0,0,0,1,0,0,1,Brucelegend
780958725,1.25,7,0,0,0,1,0,0,1,FirstClan
780958240,3.8,9,1,1,1,0,0,1,0,iflopznuts
780958083,5.47,6,1,0,0,1,0,0,1,solasso
780957176,28.43,9,1,1,1,1,0,1,0,ChrisNola
780957114,0.5,7,0,0,0,0,0,0,0,BBDub27
780956397,9.27,7,1,0,0,1,0,0,1,VegasMike420
780956326,11.63,9,1,1,1,0,0,1,0,Brucelegend
780955764,4.52,7,1,0,0,1,0,0,1,sr86
780955654,3.09,8,1,1,1,1,0,0,1,iflopznuts
780955508,1.0,6,0,0,0,1,0,0,1,Daggens
780954174,11.17,8,1,1,1,1,0,0,1,haroldbb
780954071,15.73,7,1,1,1,1,0,1,0,sr86
780953330,1.19,8,1,0,0,0,0,0,1,iflopznuts
780953319,1.25,7,0,0,0,1,0,0,1,BBDub27
780952445,35.35,9,1,1,1,1,0,1,0,ChrisNola
780952330,8.15,7,1,1,1,1,0,1,0,PoePoe28
780951685,6.42,8,1,1,1,1,0,0,1,IlxxxlI
780950845,78.8,8,1,1,1,1,0,1,0,sr86
780950400,1.25,8,0,0,0,1,0,0,1,Haid
780950147,6.69,8,1,1,1,1,0,0,1,ChrisNola
780949821,4.04,7,1,0,0,1,0,0,1,VegasMike420
780949347,4.66,8,1,1,1,1,0,0,1,ChrisNola
780948660,1.43,6,1,1,1,0,0,0,1,Mestre83
780947953,19.72,8,1,1,1,1,0,1,0,iflopznuts
780946776,35.63,7,1,1,1,1,0,1,0,BBDub27
780946708,3.33,7,1,1,1,1,0,0,1,WICHONSKI
780946313,1.19,6,1,0,0,0,0,0,1,iflopznuts
780945533,5.94,7,1,0,0,1,0,0,1,Mestre83
780945380,1.43,6,1,0,0,0,0,0,1,WICHONSKI
780944963,1.25,6,0,0,0,1,0,0,1,WICHONSKI
780944191,10.0,8,1,1,1,1,0,0,1,IlxxxlI
780943900,9.0,6,1,0,0,1,0,0,1,WICHONSKI
780942558,17.56,5,1,1,1,1,0,0,1,WICHONSKI
780941779,2.14,5,1,1,1,1,0,1,0,iflopznuts
780941429,0.5,4,0,0,0,0,0,0,0,WICHONSKI
780941177,0.5,5,0,0,0,0,0,0,0,IlxxxlI
779478945,3.75,6,0,0,0,1,0,0,1,MANTISGUYV10
779478723,1.25,6,0,0,0,1,0,0,1,MANTISGUYV10
779478504,8.75,6,0,0,0,1,0,0,1,jviana
779478272,1.25,6,0,0,0,1,0,0,1,Log_in
779477696,12.59,6,1,1,0,1,0,0,1,IlxxxlI
779477464,4.82,6,0,0,0,1,0,0,1,naprimer
779477361,0.5,6,0,0,0,0,0,0,0,naprimer
779476850,18.2,6,1,1,1,1,0,1,0,jviana
779476706,0.5,7,0,0,0,0,0,0,0,MANTISGUYV10
779476036,11.17,7,1,1,1,1,0,1,1,Tanker123
779475769,3.57,8,1,0,0,1,0,0,1,naprimer
779475267,1.9,8,1,0,0,0,0,0,1,Tanker123
779474824,3.57,8,1,0,0,1,0,0,1,MANTISGUYV10
779473932,8.53,8,1,1,0,1,0,0,1,jviana
779473651,4.28,8,1,0,0,1,0,0,1,jviana
779473014,23.93,8,1,1,1,0,0,1,0,Tanker123
779472549,1.43,8,1,0,0,0,0,0,1,MANTISGUYV10
779471765,129.29,8,1,1,1,1,0,1,0,MANTISGUYV10
779471274,14.68,8,1,1,0,1,0,0,1,MANTISGUYV10
779470925,1.25,9,0,0,0,1,0,0,1,MANTISGUYV10
779470488,2.62,9,1,0,0,1,0,0,1,Tanker123
779470075,1.25,8,0,0,0,1,0,0,1,Vonalarta
779469645,13.09,7,1,1,1,0,0,1,0,tbmfc
779469191,2.85,7,1,0,0,1,0,0,1,Tanker123
779468672,3.75,7,0,0,0,1,0,0,1,Tanker123
779468134,5.88,7,1,0,0,1,0,0,1,MANTISGUYV10
779467750,3.45,7,1,0,0,1,0,0,1,MANTISGUYV10
779467280,5.7,7,1,0,0,1,0,0,1,MANTISGUYV10
779467109,0.5,9,0,0,0,0,0,0,0,tbmfc
779466823,1.25,9,0,0,0,0,0,1,1,tbmfc
779466049,5.98,9,1,1,0,0,0,0,1,MANTISGUYV10
779465513,32.07,8,1,1,1,1,0,1,0,BiGFck
779465197,1.25,9,0,0,0,1,0,0,1,Vonalarta
779463735,3.57,9,1,0,0,1,0,0,1,MANTISGUYV10
779463116,3.09,8,1,0,0,1,0,0,1,gmjohn
779462578,1.25,9,0,0,0,1,0,0,1,n0hvn
779462175,25.34,9,1,1,1,1,0,1,0,Log_in
779461600,3.45,9,1,0,0,1,0,0,1,MANTISGUYV10
779460959,38.95,9,1,1,1,1,0,1,0,Vonalarta
779460276,38.24,8,1,1,1,0,0,1,0,MANTISGUYV10
779459871,1.25,8,0,0,0,1,0,0,1,MANTISGUYV10
779459360,3.33,7,1,0,0,1,0,0,1,Log_in
779458970,1.25,8,0,0,0,1,0,0,1,naprimer
779458296,3.09,8,1,0,0,1,0,0,1,gmjohn
779458017,1.25,8,0,0,0,1,0,0,1,naprimer
779457483,3.57,8,1,0,0,1,0,0,1,Log_in
779457092,5.94,9,1,0,0,1,0,0,1,tbmfc
779456625,1.19,9,1,1,1,1,0,0,1,gmjohn
771318908,2.75,5,1,1,1,1,1,0,1,saidafrente
771298781,1.9,4,1,1,1,1,1,0,1,AARON81
